name,x,y,type,district
온동물병원,129.21708820567483,35.247335714686685,동물병원,기장읍
구포동물병원,128.9940971030585,35.20313770646496,동물병원,구포2동
숲 동물병원 펫스테이션점,129.11596171865108,35.15815357104643,동물병원,광안2동
훈동물병원,129.17507038929486,35.17763231929567,동물병원,좌1동
뉴로동물암센터,129.0808713658409,35.184414325168134,동물병원,연산5동
큰별동물의료원,129.07215115807952,35.21172099806614,동물병원,온천2동
기장i동물의료센터,129.22285011698025,35.26040255315892,동물병원,일광읍
동물병원 The 개치동,129.124872148506,35.15432934990593,동물병원,민락동
다은동물병원,129.01017249445346,35.2249010165317,동물병원,화명1동
엘 동물병원,129.0995201310081,35.13545709396143,동물병원,대연3동
아이디펫 동물병원,129.07981623191407,35.18324226350224,동물병원,연산5동
다솜동물메디컬센터 금정점,129.0885317932576,35.263191746564715,동물병원,남산동
다솜고양이메디컬센터 금정점,129.0885317932576,35.263191746564715,동물병원,남산동
정원동물병원,129.05506033547238,35.173719306092316,동물병원,연지동
하이동물병원,129.06760841898156,35.17018585599229,동물병원,양정1동
포레동물병원,129.1072627866376,35.204526213466174,동물병원,명장1동
마레동물병원,129.2320411038583,35.26649267532255,동물병원,일광읍
정직한 동물병원,128.96242468732137,35.09484546094844,동물병원,신평2동
더에스동물병원,129.11054311095978,35.14717230754242,동물병원,남천1동
테디펫닥터동물병원,128.92348480314814,35.09568310580254,동물병원,명지1동
보담동물의료센터,129.08670482957135,35.2238429820569,동물병원,장전2동
베스트프렌드 동물병원,129.10311607603654,35.172662883866025,동물병원,망미1동
부산 24시 더휴동물의료센터,129.07961101924724,35.21401104989193,동물병원,온천1동
베이시티 동물병원,129.02359742768786,35.078127168857314,동물병원,암남동
온정동물병원,129.09896753777645,35.193695679174176,동물병원,안락1동
허그동물의료센터,129.0143246031009,35.24105439792167,동물병원,화명2동
어울림동물메디컬센터,128.9220699811354,35.097488530389796,동물병원,명지1동
명지 수동물병원,128.9068208916192,35.094122390516965,동물병원,명지1동
더바른 동물병원,128.96492998806045,35.04868337237534,동물병원,다대1동
모아동물병원,128.96993900670478,35.08084642641383,동물병원,장림1동
성경완 동물병원,129.0435980212985,35.123607782853995,동물병원,초량3동
행복한 동물병원,128.98331448467812,35.085261861857354,동물병원,신평1동
부산 리브동물의료센터,129.07462362133322,35.20621577172494,동물병원,온천2동
신비한 동물병원 인센텀,129.12884118022282,35.173818521886815,동물병원,우2동
올케어 동물의료센터,129.06409607606432,35.1745601699753,동물병원,양정1동
힐링페츠동물병원,129.21111277995547,35.23776062957941,동물병원,기장읍
뉴로동물의료센터24시,129.0808713658409,35.184414325168134,동물병원,연산5동
풍경동물병원,129.05205828110033,35.18003212543802,동물병원,초읍동
사직동물의료센터,129.06587835376382,35.202961414351684,동물병원,온천3동
더본 외과동물의료센터,129.10534899041053,35.13941969930762,동물병원,대연3동
신호동물병원,128.8772498656726,35.08113611790851,동물병원,녹산동
해운대동물메디컬센터,129.1777699592946,35.16723649291195,동물병원,좌2동
온마음동물병원,129.08257235705392,35.218076590004095,동물병원,온천1동
아이케어 동물병원,129.131455632416,35.17145851637164,동물병원,우2동
부산 24시 동행동물의료센터,129.0081347690162,35.220107777811194,동물병원,덕천2동
행복드림 동물병원,129.1156889140673,35.20355946220933,동물병원,반여4동
24시 리본동물의료센터,129.08097616764258,35.202870456489904,동물병원,명륜동
24시 리본동물영상센터,129.08097616764258,35.202870456489904,동물병원,명륜동
바른진료 동물병원,129.22632136497865,35.266191197525075,동물병원,일광읍
헤아림동물병원,129.09042107618257,35.2000887194288,동물병원,수민동
24시 온동물의료센터,129.06282397376083,35.16178659455916,동물병원,전포2동
일광해빛동물병원,129.22709887179252,35.26524768865638,동물병원,일광읍
리안 동물병원,129.1710798729624,35.161121168352715,동물병원,중1동
마린파크 동물병원,129.14426335311026,35.15930782742216,동물병원,우3동
부산24시 연산동물의료센터,129.08549480293442,35.17496272462505,동물병원,연산2동
배산 동물병원,129.21380623427785,35.242921578331824,동물병원,기장읍
웰동물병원,129.087170231602,35.24373697165806,동물병원,구서1동
구구동물병원,129.0568769906438,35.138103772441276,동물병원,범일1동
대디동물병원,129.0475779880934,35.16687951267283,동물병원,부암1동
오리진 동물피부과병원,129.1338654010644,35.15558450069671,동물병원,민락동
더원동물의료센터,129.0488503584317,35.17563506386056,동물병원,초읍동
박창언 동물병원,129.12332774011554,35.181927500936226,동물병원,재송1동
유어캣 고양이병원,129.11973744545392,35.1675668740513,동물병원,민락동
가나다 동물병원,129.00805110479868,35.15118845257258,동물병원,주례2동
마린숲 동물병원,129.14663968996,35.15548539333696,동물병원,우3동
린동물병원,129.07553159231705,35.211042761903386,동물병원,온천2동
오션동물메디컬센터,129.11942794962818,35.20065668939473,동물병원,반여1동
해밀동물병원,129.19780875225575,35.17940064206365,동물병원,송정동
서면Q 외과 동물병원,129.06253596447078,35.15795854609224,동물병원,전포2동
베이직 동물병원,129.0297386694665,35.211175911365586,동물병원,만덕3동
홈즈 동물병원,128.9183019704916,35.09856376120423,동물병원,명지1동
보듬 동물병원,129.0285346036565,35.15366271018246,동물병원,가야2동
에이치동물메디컬센터,129.08643668661963,35.21764872145797,동물병원,부곡4동
유기화동물의료센터,129.06560387536427,35.19618774134133,동물병원,사직1동
센텀동물메디컬센터,129.11400886917605,35.16843148177236,동물병원,수영동
롯데동물메디컬센터,129.06760152717823,35.17038024264636,동물병원,양정1동
엘동물의료센터,129.0817302584731,35.186818494354206,동물병원,연산4동
아이앤지동물병원,129.17471099442963,35.17480049877255,동물병원,좌1동
W동물의료센터,129.1110145460523,35.12543749542312,동물병원,용호1동
토브동물병원,129.01012110587556,35.2347145685039,동물병원,화명3동
벡스코 동물병원,129.1377617021452,35.17020086555527,동물병원,우2동
금샘동물병원,129.08329041170416,35.21758299164804,동물병원,온천1동
바다동물병원,129.11622118198198,35.152793993413006,동물병원,광안2동
리더스동물병원,129.17769644242247,35.169587192069606,동물병원,좌2동
원 동물병원,129.0133147661184,35.23418630465264,동물병원,화명3동
Jpet동물병원,129.08151197991225,35.17511132578018,동물병원,연산2동
노블동물병원,129.065471641878,35.19865055890634,동물병원,사직3동
서부산동물메디컬센터,128.97216294218836,35.13069576465753,동물병원,엄궁동
진석범동물병원,129.10680475616485,35.18475920306788,동물병원,연산9동
더프라임동물의료원,129.10815179699676,35.14265344601111,동물병원,남천1동
마리동물병원,128.87846949146402,35.15568339098941,동물병원,녹산동
가온동물병원,129.01528127649686,35.10913387072991,동물병원,서대신1동
더힐동물병원,129.02080617464767,35.21382180879725,동물병원,덕천1동
큰마음동물메디컬센터,129.16772392011276,35.164680277826854,동물병원,중1동
온천천동물병원,129.0827576999001,35.19580704804829,동물병원,거제1동
힐 동물병원,129.17987902592358,35.16252281095529,동물병원,중2동
박종현동물병원,129.1268772035462,35.15954770728743,동물병원,민락동
UN동물의료센터,129.09074606933424,35.13532211578276,동물병원,대연5동
이로운동물병원,128.9223964046521,35.10471867761481,동물병원,명지1동
유동물의료센터,129.00945305267203,35.211404445086046,동물병원,덕천2동
해운대 24시 동물의료원,129.17677347299377,35.16737623919458,동물병원,좌2동
반여착한동물병원,129.11775425724275,35.199647178983255,동물병원,반여1동
국제동물병원,128.91952022809295,35.09844021320349,동물병원,명지1동
닥터펫 동물의료센터,129.02168242916875,35.15359639843665,동물병원,개금1동
온천동물병원,129.06579822119454,35.202703925496216,동물병원,온천3동
양·한방 전문 힘찬동물병원,129.03824415159832,35.15466155113464,동물병원,가야1동
디알씨동물병원,129.21401119948644,35.24558374058279,동물병원,기장읍
해든동물병원,128.9965769840338,35.19948150066402,동물병원,구포2동
정관착한동물의료센터,129.176738972216,35.32153394487748,동물병원,정관읍
해운대 플러스동물병원,129.1785390680759,35.16969218887185,동물병원,좌2동
네오메디컬동물병원,128.923076901272,35.096433591879666,동물병원,명지1동
유성준동물병원,129.08415047121693,35.20224862633866,동물병원,수민동
해옴동물병원,128.90392594207006,35.0827857828957,동물병원,명지2동
다온 동물병원,129.1010534480002,35.14194281894292,동물병원,대연3동
이룸동물병원,129.08605543762266,35.17443591753884,동물병원,연산6동
아산동물의료센터,129.17775694526054,35.32116383114637,동물병원,정관읍
쿨펫동물병원 이마트금정점,129.0901462250077,35.25149948529061,동물병원,구서1동
차이 동물병원,129.11146474653705,35.15277180301534,동물병원,광안4동
코끼리동물병원,128.9583786433193,35.098852562559316,동물병원,신평2동
제일2차동물메디컬센터,129.09329703344758,35.240862182464355,동물병원,부곡3동
제일동물진단영상센터,129.09329703344758,35.240862182464355,동물병원,부곡3동
서동 동물메디컬센터,129.10631763059686,35.21490726403973,동물병원,서3동
나비동물병원,129.11996687167405,35.157078577165,동물병원,민락동
드림동물병원,129.08755971475134,35.25552881956951,동물병원,구서2동
만박동물병원,129.02397953592927,35.099685031366,동물병원,충무동
김현태김동민 동물의료센터,128.98220448186245,35.063902726301706,동물병원,다대2동
스타동물병원,129.0658852151079,35.151820406128714,동물병원,전포1동
지 동물병원,129.17844289332024,35.325660731448075,동물병원,정관읍
학장동물병원,128.98137812770932,35.140077327811404,동물병원,학장동
누리동물병원,129.20632763290143,35.19482958995167,동물병원,송정동
동물병원 산책,129.08949077787858,35.23909298820891,동물병원,부곡3동
마리동물병원,129.1757568726698,35.168811575312226,동물병원,좌2동
MS동물병원,129.09040690147765,35.19099661630442,동물병원,연산1동
그랜드 동물병원,129.01259481132325,35.24760203239674,동물병원,금곡동
토곡동물병원,129.10162703402605,35.187877718326874,동물병원,연산9동
훈 동물병원,129.08291230782507,35.21097536586543,동물병원,명륜동
스카이동물병원,129.07741666891178,35.20434737347064,동물병원,온천3동
정훈동물병원,129.05521951238512,35.15573461495914,동물병원,부전2동
학산동물병원,129.08705740723042,35.204657956744775,동물병원,복산동
사랑의동물병원,129.1752725502592,35.17814703645898,동물병원,좌4동
스마일동물병원,128.87846949146402,35.15568339098941,동물병원,녹산동
헬로동물병원,129.11291296120174,35.13207877154836,동물병원,용호1동
닥터주 동물병원,129.17775237661834,35.16297308295122,동물병원,좌2동
다솜동물메디컬센터,129.06928590260375,35.13743067155468,동물병원,문현3동
라온동물병원,128.96575410944732,35.10978540845884,동물병원,하단2동
지경희동물병원,129.1111955583808,35.11449108683203,동물병원,용호2동
명지오션시티동물병원,128.90315528688936,35.08404325252028,동물병원,명지2동
다솜고양이메디컬센터,129.06928590260375,35.13743067155468,동물병원,문현3동
해온동물병원,129.11126471303967,35.11141856648216,동물병원,용호2동
뉴욕동물병원,129.08414609684436,35.19994205223919,동물병원,수민동
카이저 동물병원,129.01016659813249,35.22503096587594,동물병원,화명1동
로이종합동물병원,129.1220470706885,35.17821297055346,동물병원,재송1동
미소동물치과병원,129.05388218849828,35.15712433876184,동물병원,부전2동
킴스동물병원,129.17595015083242,35.3218205512821,동물병원,정관읍
삼성종합동물병원,128.99597878317445,35.0908773907083,동물병원,감천1동
명지종합동물병원,128.90403495107245,35.084044194102205,동물병원,명지2동
바른동물병원,129.11128931211772,35.19430065406501,동물병원,안락2동
레알피부전문동물병원,129.09891924235177,35.20242345926938,동물병원,안락1동
펫케어 동물병원,129.02906277062831,35.15288465411886,동물병원,가야2동
동래종합동물병원,129.07726796493984,35.21549006887433,동물병원,온천1동
만덕24시동물병원,129.02895956035968,35.21083217913821,동물병원,만덕3동
ABC동물병원,129.114025072488,35.16092607847602,동물병원,광안1동
금빛동물수술센터,129.08437115194485,35.22502922669003,동물병원,장전2동
웰니스크리닉,129.05264723421655,35.16388975147037,동물병원,부암1동
스펀지동물병원,129.1621888560825,35.1652545585803,동물병원,우1동
신개금동물병원,129.02074920765227,35.14904821793468,동물병원,개금1동
온누리동물병원,129.18318478659276,35.1683792958565,동물병원,좌2동
BS조은동물병원,129.15700521799144,35.23055749592318,동물병원,반송2동
망미동물병원,129.10737081619138,35.178816216508984,동물병원,연산9동
부산동물메디컬센터,129.07798582349193,35.190785768564034,동물병원,거제1동
마린시티 종합동물병원,129.1469541609182,35.156639040411946,동물병원,우3동
조앤박동물병원,129.1740415641757,35.17247668990622,동물병원,좌1동
토마스동물병원,129.15435962039786,35.23246748561877,동물병원,반송2동
천동물병원,129.06778363241284,35.089271281615694,동물병원,청학2동
행복한동물병원,129.01450297705637,35.23912176755319,동물병원,화명2동
하나동물병원,129.0449571720831,35.129646637112906,동물병원,수정2동
피정현 동물병원,129.08526111677327,35.19156290680516,동물병원,연산1동
부산야생동물치료센터,128.94215102906043,35.10522376779317,동물병원,하단1동
초읍동물병원,129.04790904180845,35.17787187947357,동물병원,초읍동
괴정동물병원,128.9900468363452,35.09947743659166,동물병원,괴정1동
리치동물병원,129.03732600446943,35.167681008389394,동물병원,당감4동
자연동물병원,129.05768923427385,35.19745842531984,동물병원,사직2동
위드동물병원,129.03540736170953,35.1648748776487,동물병원,당감4동
서면동물병원,129.05457123792138,35.15799313076044,동물병원,부전1동
장산동물병원,129.1233951122627,35.200153734106486,동물병원,반여1동
삼성동물병원,129.09658089817555,35.173532004683686,동물병원,망미1동
다대동물병원,128.97127545918883,35.05722338645045,동물병원,다대1동
센텀동물종합병원,129.1220470706885,35.17821297055346,동물병원,재송1동
연제종합동물병원,129.0973320028106,35.173461548270375,동물병원,망미1동
스마트동물병원,128.97028242891355,35.050844597486766,동물병원,다대1동
한솔동물병원,128.99620829101946,35.10159417931455,동물병원,괴정3동
초원동물병원,129.11222151172674,35.19839851950131,동물병원,안락2동
쿨펫동물병원,128.9684135921573,35.12757314463056,동물병원,엄궁동
길경진동물병원,129.01738087456246,35.11137023141988,동물병원,동대신2동
구서동물병원,129.08875291648465,35.24806489021431,동물병원,구서1동
시민동물병원,129.03869312052916,35.11918302291183,동물병원,초량2동
하단오거리Q동물병원,128.96748540322878,35.10542378995296,동물병원,하단1동
사랑동물병원,129.11967208219363,35.16864470672874,동물병원,수영동
하단동물병원,128.96316505779066,35.10357715236152,동물병원,하단1동
고은동물병원,128.9912859176148,35.186484506956916,동물병원,모라1동
장 동물병원,128.97016675694047,35.058839851942174,동물병원,다대1동
갑을동물병원,129.12194352420252,35.18448064517806,동물병원,재송1동
해운대조은동물병원,129.15922232621,35.16356830156704,동물병원,우1동
한국마사회 부산경남부속동물병원,128.87846949146402,35.15568339098941,동물병원,녹산동
화목종합동물병원,129.1785390680759,35.16969218887185,동물병원,좌2동
아이센텀 동물메디컬센터,129.131455632416,35.17145851637164,동물병원,우2동
세진동물병원,129.108456375641,35.17256389630323,동물병원,망미1동
센트럴종합동물병원,129.0392783127648,35.09213492000921,동물병원,남항동
조양래 동물의료센터,129.09114185299796,35.13483837685717,동물병원,대연1동
가야종합동물병원,129.02581707902473,35.15346019736602,동물병원,개금1동
차동물병원,129.01412351382555,35.235429032473036,동물병원,화명2동
엄궁종합동물병원,128.97354707326045,35.13258893492909,동물병원,엄궁동
현대동물병원,129.10694478219017,35.186832155770574,동물병원,연산9동
참조은 동물병원,128.98472669265055,35.099241429419216,동물병원,괴정4동
메트로동물병원,129.11231943271895,35.131382240984586,동물병원,용호1동
장원동물병원,129.0046187517384,35.20530893209956,동물병원,구포1동
반송동물병원,129.1475129618444,35.22558446580652,동물병원,반송1동
개금동물병원,129.0127978742457,35.151613165325394,동물병원,주례2동
21세기종합동물병원,129.00878990564314,35.210713877315435,동물병원,덕천2동
튼튼동물병원,129.10244377714827,35.138242864179986,동물병원,대연3동
도담동물병원,129.05562823055365,35.142116342725735,동물병원,범천2동
영도동물병원,129.0430369353037,35.09111192683498,동물병원,영선1동
대신동물병원,129.0130033109019,35.11250198246754,동물병원,서대신3동
그린동물병원,129.06579459763813,35.1609309069717,동물병원,전포2동
푸른동물병원,129.12961210141165,35.19466848282017,동물병원,반여2동
신도시동물병원,129.17553935795635,35.17751283392578,동물병원,좌1동
25시 동물병원,129.07139938488484,35.136501430839544,동물병원,문현4동
남산동물병원,129.0888600845071,35.270299309507756,동물병원,남산동
애경동물병원,129.04993862537393,35.17009180600014,동물병원,연지동
피닉스동물병원,129.03252798272155,35.098102756624364,동물병원,남포동
노아동물병원,129.0090631869313,35.22469968524548,동물병원,화명1동
양지동물병원,129.08270012794523,35.18461614254325,동물병원,연산4동
수종합동물병원,129.08660412085058,35.238484942936346,동물병원,장전1동
해운대 케이 동물병원,129.1550909277942,35.16121636887322,동물병원,우1동
대성동물병원,129.00460744390622,35.14928646377021,동물병원,주례3동
소망애견종합병원,129.11024097268665,35.1490401187014,동물병원,남천1동
새부산종합동물병원,129.0656122738726,35.16340790999161,동물병원,전포2동
동양축산병원,129.08166470957198,35.20730576698563,동물병원,명륜동
한사랑동물병원,129.08358356221513,35.202748834773814,동물병원,명륜동
희망종합동물병원,129.0301306976281,35.09796722362695,동물병원,남포동
한독동물병원,129.1080744277464,35.21401283135608,동물병원,서2동
화승종합동물병원,129.0411365125366,35.166048271478964,동물병원,부암3동
우암동물병원,129.08156631330797,35.12232150116193,동물병원,감만2동
성심동물병원,129.1825943531766,35.16866905439531,동물병원,좌2동
고동물병원,129.02912604967565,35.09773088679829,동물병원,남포동
기장동물병원,129.2171363372187,35.243193881400614,동물병원,기장읍
이상동물병원,129.12198876838394,35.1674484349752,동물병원,수영동
태종동물병원,129.07062072458854,35.08053049429093,동물병원,동삼1동
신병헌동물병원,128.98187194416758,35.168165576835705,동물병원,덕포1동
모라동물병원,128.99198257533325,35.191665757103316,동물병원,모라1동
광안동물병원,129.11265117546586,35.1565099667827,동물병원,광안4동
용호동물병원,129.11252236771958,35.121399560103534,동물병원,용호3동
재송동물병원,129.12648365682264,35.188982539114704,동물병원,재송2동
부일동물병원,129.05327332013115,35.171072539070515,동물병원,연지동
부곡동물병원,129.09127567405963,35.22349965851637,동물병원,부곡1동
문현동물병원,129.07184881031034,35.13637464394027,동물병원,문현4동
박 동물병원,128.97358119074306,35.103316282278115,동물병원,당리동
우진동물병원,129.0421063158431,35.16624577606264,동물병원,부암3동
동구종합동물병원,129.0456741751392,35.13607453708262,동물병원,수정5동
백양동물병원,129.0351329157543,35.20917140379274,동물병원,만덕2동
사하동물병원,128.9788738092765,35.1015436423837,동물병원,당리동
사직삼보동물병원,129.0576517404588,35.199754406012204,동물병원,사직2동
청조동물병원,129.09127667176102,35.19292503501775,동물병원,연산1동
부산동물병원 제넷,129.003739924274,35.1508113387359,동물병원,주례1동
지동범 동물 안과 치과병원,129.09199882688011,35.23226731815169,동물병원,부곡2동
한양종합동물병원,129.10060693260598,35.20382242777541,동물병원,명장2동
부산종합동물병원,129.06681937121175,35.168553898969456,동물병원,양정1동
덕천동물의료센터,129.01793501346594,35.21341128905713,동물병원,덕천1동
안락동물병원,129.09797175876054,35.19582212671753,동물병원,안락1동
사상동물병원,128.98707677693588,35.15939665690936,동물병원,괘법동
남천동물병원,129.1090159396978,35.13761746706053,동물병원,남천1동
대호동물병원,129.02220458723855,35.09696380994463,동물병원,충무동
좌천동물병원,129.245141336854,35.31350048669169,동물병원,장안읍
재생동물병원,129.08850718300354,35.20069228190241,동물병원,수민동
거제동물병원,129.06991196836958,35.18148414819475,동물병원,거제3동
중앙동물병원,129.02362295716176,35.099694757924865,동물병원,충무동
솔로몬동물병원,129.0718544743335,35.18122046420689,동물병원,거제3동
웰케어 동물건강검진센터·동물한방재활센터,129.10534899041053,35.13941969930762,동물병원,대연3동
금빛동물병원,129.08437115194485,35.22502922669003,동물병원,장전2동
금정동물병원,129.08228152277098,35.22517641446786,동물병원,장전2동
메이동물의료센터,129.11392243527987,35.16008599778103,동물병원,광안1동
더원동물의료센터,129.0488503584317,35.17563506386056,동물병원,초읍동
웰니스 클리닉 동물병원,129.16736621500027,35.16601759277367,동물병원,중1동
웰니스동물병원,129.0642618477843,35.144320588260705,동물병원,문현2동
휴동물의료센터,129.08670482957135,35.2238429820569,동물병원,장전2동
숲동물병원,129.14663968996,35.15548539333696,동물병원,우3동
24h알프동물메디컬,129.17233440139125,35.17008828122076,동물병원,중1동
하나동물병원,129.0112568562999,35.24999943723643,동물병원,금곡동
U동물메디컬센터,129.06759607856895,35.16990857856751,동물병원,양정1동
이브동물병원,129.06770653700838,35.16970771985959,동물병원,양정1동
이랑동물병원,129.10743432751408,35.17458702745647,동물병원,망미1동
전포NC동물병원,129.06567028042733,35.15498736913085,동물병원,전포1동
더프라임종합동물병원,129.10839727805228,35.14210297948719,동물병원,남천1동
베이직동물병원,129.07859836223227,35.18263364737922,동물병원,연산5동
나은 동물병원,128.97707088906665,35.07984535174327,동물병원,장림2동
맘's 동물병원,129.03875090079427,35.089267117450284,동물병원,남항동
쿨펫동물병원 롯데마트 금정점,129.09155510060796,35.238999416927165,동물병원,부곡3동
동물병원맥,129.0155189090863,35.23422293887026,동물병원,화명1동
더원동물의료센터,129.0488503584317,35.17563506386056,동물병원,초읍동
펠리스 동물병원,129.15309605950347,35.15919543526192,동물병원,우1동
위즈펫 동물병원 동래점,129.07744689019407,35.211802688896476,동물병원,온천2동
엘리자베스 동물병원,129.04323014838388,35.09319080518041,동물병원,봉래1동
유앤동물의료센터,129.09074606933424,35.13532211578276,동물병원,대연5동
센텀동물메디컬센터,129.13158768396005,35.17295681153828,동물병원,우2동
현대동물병원,128.97826508724006,35.060745296350206,동물병원,다대2동
아이디펫 동물병원,129.09052376019065,35.190800882901975,동물병원,연산1동
롯데동물메디컬센터,129.06760152717823,35.17038024264636,동물병원,양정1동
달맞이 호두네 동물병원,129.17447984945835,35.160800057811606,동물병원,중2동
한국동물영상의학센터,129.07798582349193,35.190785768564034,동물병원,거제1동
펫가든동물병원,129.03610291067233,35.09799456866051,동물병원,중앙동
삼정동물병원,129.05882046443145,35.17334719939507,동물병원,연지동
예일동물병원,129.06760841898156,35.17018585599229,동물병원,양정1동
마린파크 동물병원,129.14426335311026,35.15930782742216,동물병원,우3동
온천동물병원,129.06579822119454,35.202703925496216,동물병원,온천3동
자이언츠 동물병원,129.06042903784743,35.198173887343835,동물병원,사직1동
위즈펫 동물병원,129.07744689019407,35.211802688896476,동물병원,온천2동
참 행복한 동물병원,129.08669855042373,35.24311101882386,동물병원,구서1동
웰니스 클리릭 동물병원,129.16736621500027,35.16601759277367,동물병원,중1동
우리들 동물병원,129.02133745685973,35.09703337837741,동물병원,충무동
동래 롯데 종합동물병원,129.07754216403077,35.21046744699817,동물병원,온천2동
Wellness Clinic 동물병원,129.16736621500027,35.16601759277367,동물병원,중1동
Mr. 동물병원,129.14375459561015,35.15514827415794,동물병원,우3동
숲동물병원,129.14663968996,35.15548539333696,동물병원,우3동
차이동물병원,129.10989254520305,35.14730353058136,동물병원,남천1동
해운대 웰(WELL)동물병원,129.1469541609182,35.156639040411946,동물병원,우3동
메디슨동물병원,129.1732092840389,35.17087952051456,동물병원,중1동
쿨펫동물병원 이마트금정점,129.09062246101757,35.250194824834175,동물병원,구서1동
쿨펫동물병원 롯데마트 금정,129.09155510060796,35.238999416927165,동물병원,부곡3동
순동물병원,129.0830751819121,35.22681027613533,동물병원,장전2동
스토리동물병원,129.06052348805974,35.19680674145379,동물병원,사직2동
이브동물병원,129.06770653700838,35.16970771985959,동물병원,양정1동
해운대동물메디컬센터,129.1777699592946,35.16723649291195,동물병원,좌2동
도그플러스동물병원(아시아드점),129.06141922399965,35.19090505693479,동물병원,거제2동
누리동물병원,129.20609567168864,35.19654043305978,동물병원,송정동
쿨펫동물병원,129.08131035370263,35.17612874815881,동물병원,연산2동
온 동물병원,129.1399030139056,35.166235623028086,동물병원,우2동
스마일동물병원,129.12128424823524,35.196085966000986,동물병원,반여1동
명지종합동물병원,128.90403495107245,35.084044194102205,동물병원,명지2동
마리동물병원,129.1757568726698,35.168811575312226,동물병원,좌2동
린동물병원,129.17928264991835,35.15775269888809,동물병원,중2동
펫프렌즈 동물병원 연제,129.08131035370263,35.17612874815881,동물병원,연산2동
로고스동물병원,129.1785390680759,35.16969218887185,동물병원,좌2동
정관종합동물병원,129.1701339993868,35.32674160449778,동물병원,정관읍
생생동물병원,129.06760841898156,35.17018585599229,동물병원,양정1동
쿨펫동물병원 이마트 금정점,129.09062246101757,35.250194824834175,동물병원,구서1동
굿모닝동물병원,129.1757568726698,35.168811575312226,동물병원,좌2동
자이안트 동물병원,129.11236226530724,35.128215853172264,동물병원,용호1동
보람동물병원,129.011981740473,35.235158626920864,동물병원,화명3동
마린시티오렌지동물병원,129.1469541609182,35.156639040411946,동물병원,우3동
펫프렌즈 연제 이마트점,129.08131035370263,35.17612874815881,동물병원,연산2동
올리브 동물병원,129.10691686889453,35.18894461030558,동물병원,연산9동
허브동물병원,129.06770653700838,35.16970771985959,동물병원,양정1동
해맑은동물병원,129.0826667894169,35.22397999821932,동물병원,장전2동
쿨펫 동물병원 롯데마트 금정점,129.09155510060796,35.238999416927165,동물병원,부곡3동
누리동물병원,129.20609567168864,35.19654043305978,동물병원,송정동
허브동물병원,129.06770653700838,35.16970771985959,동물병원,양정1동
펫프렌즈동물병원 해운대점,129.16736621500027,35.16601759277367,동물병원,중1동
수비동물병원,129.0923135048173,35.228637728419415,동물병원,부곡2동
스펀지동물병원,129.1621888560825,35.1652545585803,동물병원,우1동
신성동물병원,128.9954872241223,35.1012004383319,동물병원,괴정3동
스누피동물병원,129.16971509762075,35.162821902485135,동물병원,중1동
마린시티오렌지종합동물병원,129.1469541609182,35.156639040411946,동물병원,우3동
봄빛동물종합병원,129.10920593161356,35.12636889357237,동물병원,용호1동
범방동물병원,128.87846949146402,35.15568339098941,동물병원,녹산동
프라임종합동물병원,129.10839727805228,35.14210297948719,동물병원,남천1동
대연동물병원,129.08402848407974,35.13501344982147,동물병원,대연6동
스누피동물병원,129.16971509762075,35.162821902485135,동물병원,중1동
미래동물병원,129.06760841898156,35.17018585599229,동물병원,양정1동
하나동물병원,129.0112568562999,35.24999943723643,동물병원,금곡동
화명동물병원,129.01345396666522,35.22940691138584,동물병원,화명1동
이프랜드 동물병원,129.0642618477843,35.144320588260705,동물병원,문현2동
하나동물병원,129.0112568562999,35.24999943723643,동물병원,금곡동
쿨펫동물병원,129.09062246101757,35.250194824834175,동물병원,구서1동
라이프 동물병원,129.07990790810848,35.19088632080511,동물병원,연산5동
쿨펫동물병원,128.97833746063105,35.082542342448484,동물병원,장림2동
장전동물병원,129.0863439223162,35.23780144283055,동물병원,장전1동
엔젤독스종합동물병원,129.1785390680759,35.16969218887185,동물병원,좌2동
쿨펫동물병원 이마트 금정점,129.09062246101757,35.250194824834175,동물병원,구서1동
아시아드 동물병원,129.06691826607135,35.19193736577112,동물병원,거제2동
쿨펫동물병원,129.0639382682003,35.149402496907676,동물병원,전포1동
쿨펫동물병원,128.97833746063105,35.082542342448484,동물병원,장림2동
반려동물병원,129.06759906811286,35.170278818222855,동물병원,양정1동
이동물병원,129.0742346492492,35.17429187318908,동물병원,양정2동
쿨펫동물병원 가야점,129.0273383122076,35.152446640578574,동물병원,가야2동
쿨펫동물병원,129.14640515819042,35.158166477625905,동물병원,우3동
폭시펫동물병원,129.09062246101757,35.250194824834175,동물병원,구서1동
폭시펫동물병원,129.09062246101757,35.250194824834175,동물병원,구서1동
김태훈 동물병원,129.06052348805974,35.19680674145379,동물병원,사직2동
열린동물병원,129.11382538733062,35.15930847070629,동물병원,광안2동
동부산동물병원,129.2138492835703,35.244350051980206,동물병원,기장읍
굿모닝동물병원,129.11736782773184,35.15543042905069,동물병원,광안2동
리더스동물병원,129.17769644242247,35.169587192069606,동물병원,좌2동
다원동물병원,129.0826667894169,35.22397999821932,동물병원,장전2동
서원 동물병원,128.87846949146402,35.15568339098941,동물병원,녹산동
열린25시 동물병원,129.02233231569085,35.15508299244804,동물병원,개금3동
준동물병원,129.08552382634542,35.18881472395802,동물병원,연산1동
도담동물병원,129.06209034826315,35.1571312543633,동물병원,부전2동
독스동물병원,129.17769644242247,35.169587192069606,동물병원,좌2동
다솜동물병원,129.06928590260375,35.13743067155468,동물병원,문현3동
폭시펫동물병원,129.09062246101757,35.250194824834175,동물병원,구서1동
예원동물병원,128.98094114513694,35.06004085019179,동물병원,다대2동
사직동물병원,129.06587835376382,35.202961414351684,동물병원,온천3동
한솔종합동물병원,128.99677280119178,35.10135937398429,동물병원,괴정3동
수호천사동물병원,129.11236226530724,35.128215853172264,동물병원,용호1동
엔젤 동물병원,129.08490548752718,35.17939003016008,동물병원,연산6동
강남종합동물병원,129.16869521908464,35.166159713953704,동물병원,중1동
해운대동물병원,129.18324437939063,35.16885499475262,동물병원,좌2동
나라동물병원,128.9917437482515,35.18789288458647,동물병원,모라1동
도그플러스동물병원,129.06141922399965,35.19090505693479,동물병원,거제2동
25시동물병원,129.0714485748039,35.083302356107474,동물병원,동삼1동
폭시펫 동물병원,129.02765152670602,35.09843836846412,동물병원,남포동
우리동물병원,129.11921018813146,35.20280080943109,동물병원,반여1동
나은 동물병원,128.97707088906665,35.07984535174327,동물병원,장림2동
쿨펫동물병원,128.97887295477477,35.16416576494961,동물병원,괘법동
캣츠 앤 독 클리닉,129.08675890843486,35.22816335743436,동물병원,장전2동
(주)아이러브 팻,129.0642618477843,35.144320588260705,동물병원,문현2동
화명동물병원,129.0113309708755,35.23590961933399,동물병원,화명3동
24시동물병원,129.06558247701497,35.196053089393494,동물병원,사직1동
보생동물병원,129.06025218633033,35.09647551967441,동물병원,청학1동
원동물병원,129.0133147661184,35.23418630465264,동물병원,화명3동
에이스종합동물병원,129.0878613893659,35.259108954758915,동물병원,구서2동
나라동물병원,128.9917437482515,35.18789288458647,동물병원,모라1동
배산동물병원,129.10694776777487,35.17862766920036,동물병원,망미1동
금정동물병원,129.08228152277098,35.22517641446786,동물병원,장전2동
신만덕동물병원,129.02861722319474,35.2113912133828,동물병원,만덕3동
대일종합동물병원,129.10611928031716,35.19650436678164,동물병원,안락2동
당리동물병원,128.97513093820203,35.10283530574743,동물병원,당리동
세계로종합동물병원,129.0391047157221,35.15568585655556,동물병원,가야1동
순풍동물병원,129.17507038929486,35.17763231929567,동물병원,좌1동
남포동물병원,129.0283992952052,35.09755314330197,동물병원,남포동
장전동물병원,129.0863439223162,35.23780144283055,동물병원,장전1동
이동물병원,129.08090449246302,35.175109268072305,동물병원,연산2동
세진동물병원,129.0898268271421,35.1743865928714,동물병원,연산6동
닥터제이 동물병원,129.07270029342578,35.20696211945609,동물병원,온천2동
oh &amp; kim 동물병원,129.11775706069216,35.15488953499485,동물병원,광안2동
염동물병원,128.9937961127573,35.09460855226779,동물병원,괴정3동
금강동물병원,129.10088688395186,35.21556574099945,동물병원,서2동
수영종합동물병원,129.11476346240912,35.16413623906483,동물병원,광안1동
24시 토곡동물병원,129.10162703402605,35.187877718326874,동물병원,연산9동
구포동물병원,128.99365591460398,35.202591582330605,동물병원,구포2동
당감동물병원,129.03921183375672,35.164525398746825,동물병원,당감4동
해운대동물병원,129.1509835754859,35.16028114732281,동물병원,우1동
류태현동물병원,129.08295685868325,35.21844423657419,동물병원,온천1동
덕수동물병원,129.05028869546885,35.17005011577421,동물병원,연지동
신동물병원,129.09184941072738,35.26133087633265,동물병원,남산동
제일동물병원,129.03836881772472,35.11913146617452,동물병원,초량2동
사직동물병원,129.06613572943618,35.20332075319562,동물병원,온천3동
도그어바웃,128.96685997079,35.0481070041022,애견카페,다대1동
양이양이,129.028469213596,35.0986179839071,애견카페,남포동
덕수네애견카페 광복로점,129.031750401744,35.0993416371723,애견카페,광복동
멍다방,128.965154223708,35.11082865664,애견카페,하단2동
멈무아,128.983718453405,35.0615124832928,애견카페,다대2동
애견카페 남포아지트,129.025739106797,35.0983608520184,애견카페,부평동
나인독스,128.971043692481,35.1046914584471,애견카페,당리동
개올나잇,128.81258274558567,35.030564169696376,애견카페,가덕도동
멍카페,128.909209721207,35.0933061072336,애견카페,명지1동
오마이구미,128.922947053815,35.0955798532435,애견카페,명지1동
까까로운,129.033625086438,35.0979142748873,애견카페,남포동
꽃길만걷개,128.9802826700536,35.05970858805174,애견카페,다대2동
커멍도그,128.918377333081,35.0978935420439,애견카페,명지1동
탑독애견카페,128.813576077648,35.101487868469,애견카페,경계 외
하이댕댕,128.979822210324,35.0602928687491,애견카페,다대2동
개판오분전애견카페,129.015415251596,35.0745183285235,애견카페,암남동
멍프탑,129.065696291466,35.15361270949,애견카페,전포1동
멍멍가든,129.099032745656,35.1355057277329,애견카페,대연3동
달콤하개 광안리점,129.108420852749,35.14214190428907,애견카페,남천1동
파트라슈,129.06183675032,35.1518527220004,애견카페,부전2동
잇츠몽몽,129.068029849566,35.1527780611961,애견카페,전포1동
애견타로카페&홍게간장,129.107895601434,35.1199420496785,애견카페,용호1동
11월4일,129.11567874272723,35.119278313361434,애견카페,용호3동
그랑독,128.901508011366,35.1786711399635,애견카페,가락동
하이멍애견카페,128.89054527514645,35.16996336996932,애견카페,가락동
멍라운지,128.90821265589784,35.175072658862135,애견카페,강동동
해피멍데이 애견카페,128.860269155424,35.2407964443328,애견카페,경계 외
장재로167,128.814379857748,35.3240512863233,애견카페,경계 외
히푸,128.96914626377,35.3343316782364,애견카페,경계 외
그루밍카페 1987,128.903857028481,35.2389576953574,애견카페,경계 외
러스틱라운지,128.80206509406864,35.19433457853607,애견카페,경계 외
멍파파,128.865472579058,35.2324037776544,애견카페,경계 외
늘품,128.84173694072,35.2348229923512,애견카페,경계 외
라라퍼피,128.89294851037,35.2276622029674,애견카페,경계 외
피터펫애견카페 부산북구점,129.004340706209,35.206284283167,애견카페,구포1동
헤브카페,129.007958561923,35.2240268221425,애견카페,화명3동
펫브로,128.98517175518,35.157075333693,애견카페,감전동
카페.D,129.008494051995,35.3111481530089,애견카페,경계 외
댕댕댕,128.98638425894174,35.31074300919419,애견카페,경계 외
치치댕프탑,129.025340873364,35.3141409312231,애견카페,경계 외
몽개몽개,129.039309310453,35.1656840331885,애견카페,당감1동
개랑나랑,128.854298697681,35.3475447178639,애견카페,경계 외
어곡128,129.028964096742,35.3770863205369,애견카페,경계 외
멈무eat,128.801295791073,35.1761461927759,애견카페,경계 외
펫그라운드,129.017819147998,35.2133741720319,애견카페,덕천1동
리르,128.908208985359,35.175056495324,애견카페,강동동
마이리틀메이트,128.8133312697764,35.17714533369624,애견카페,경계 외
사랑할개,129.03263119137,35.3404013863903,애견카페,경계 외
강아지랑커피랑,129.00558798927915,35.20918520165892,애견카페,구포1동
댕스하루,129.024269869754,35.313869603157,애견카페,경계 외
우리집첫째 사상점,128.984370482333,35.1636598407719,애견카페,괘법동
댕포유,128.86711838399,35.2351558528068,애견카페,경계 외
만배네,128.986857632402,35.308162429166,애견카페,경계 외
더 독 패밀리 애견파크,129.008165196125,35.3093639288288,애견카페,경계 외
펫샵개스트하우스,128.870595268723,35.2601830269436,애견카페,경계 외
써니즈,128.983853841693,35.165340887343,애견카페,괘법동
위드독스,128.871125036339,35.2604298680862,애견카페,경계 외
맨앤독 장유대청점,128.802051244623,35.1943537099657,애견카페,경계 외
24시카페몽몽,129.0059248389492,35.31003733966588,애견카페,경계 외
카프리초,129.029061760427,35.2166655842417,애견카페,만덕1동
개판5분전,129.090810093256,35.2880079252998,애견카페,청룡노포동
마요네즈애견유치원,129.118714316985,35.1560031369638,애견카페,광안2동
아껴줄개,129.103668927523,35.1914058254811,애견카페,안락2동
월월월 앳더 모먼츠,129.088240397522,35.1804806404431,애견카페,연산4동
디위드,129.101414046974,35.2936310198813,애견카페,청룡노포동
도그민,129.120112286222,35.1547792399587,애견카페,민락동
댕그라운드,129.255623203563,35.2966788241649,애견카페,일광읍
칠암똥강아지,129.25500418137966,35.29643355770151,애견카페,일광읍
스포독,129.126484486949,35.1765834425599,애견카페,재송1동
소몽,129.206679828519,35.3278325060259,애견카페,정관읍
애니펫애견카페,129.10885353150033,35.17097396503784,애견카페,광안3동
더블루,129.2637093988775,35.35498202921851,애견카페,장안읍
주견야독,129.17828742317,35.1689922949623,애견카페,좌2동
부산애견카페122,129.05418372254,35.1536895691587,애견카페,부전2동
안다미로,129.074727131351,35.3437122104891,애견카페,경계 외
어라운드펫 정관신도시점,129.17047608028676,35.33525737374683,애견카페,정관읍
헤이도기,129.092095146478,35.2349047979261,애견카페,부곡2동
슈슈퍼피,129.172327884782,35.1738393483926,애견카페,좌1동
퍼스펫가든,129.080261033283,35.3006184123778,애견카페,경계 외
플루오(FLUO),129.064211984585,35.1589206258345,애견카페,전포2동
멍스타그램 1호점,129.164462014145,35.3977476288079,애견카페,경계 외
펫토피아,129.1437813292389,35.37714579905617,애견카페,경계 외
도그스테이,129.128030427056,35.1574483451557,애견카페,민락동
루나카페애견유치원 .호텔.카페,129.061883739676,35.3900782595475,애견카페,경계 외
J815,129.068265150221,35.1768872724265,애견카페,거제3동
화가목 위드독,129.126092212671,35.1542706915925,애견카페,민락동
콩이랜드,129.176557182817,35.1723413980515,애견카페,좌1동
유니독스카페,129.065855088028,35.1751161878805,애견카페,양정1동
힐스독카페,129.17977793803837,35.16242321318724,애견카페,중2동
어라운드1142,129.170439302523,35.3352391108766,애견카페,정관읍
불독클럽,129.167606009888,35.3986031525945,애견카페,경계 외
센텀펫그라운드,129.115303118494,35.1812985711755,애견카페,망미2동
앙쥬,129.123840441775,35.1562873246893,애견카페,민락동
남쪽강생이,129.257099403159,35.3480068621527,애견카페,장안읍
부산 서면 애견 전포 똥 강아지 카페 동반 식당,129.064894511933,35.1603093942669,애견카페,전포2동
엔젤독스,129.1784106445676,35.17007324510579,애견카페,좌2동
한국반려견아카데미,129.242614381251,35.3173597533198,애견카페,장안읍
탁이네반려견유치원,129.055964591286,35.1542577231037,애견카페,부전2동
샛바람길공원,128.835297697149,35.0548087764273,공원,부산
해관공원,128.814858356633,35.0384888460672,공원,부산
모람공원,128.82289029234587,35.087486574183906,공원,경남
어린이공원31호,128.80517391095412,35.086864892332386,공원,경남
어린이공원33호,128.81351461730438,35.087524460161916,공원,경남
어린이공원32호,128.81013849179433,35.086917032406085,공원,경남
명지근린공원,128.90699988050116,35.087730929185284,공원,부산
신호공원,128.87031883382,35.0819264057949,공원,부산
소담공원,128.87815469180424,35.0805579920131,공원,부산
소정공원,128.87922752756364,35.08436157579499,공원,부산
철새탐방공원,128.912026010902,35.084876962386,공원,부산
바다공원,128.899914080786,35.0875511076243,공원,부산
신호동지구공동체정원,128.873894754519,35.084070126774,공원,부산
링컨어린이공원,128.897770104074,35.0854939046506,공원,부산
등대어린이공원,128.906430408588,35.0806934019415,공원,부산
별무리어린이공원,128.901131698723,35.0831377609089,공원,부산
도담어린이공원,128.910421277385,35.0800024398675,공원,부산
명지오션시티제2호어린이공원,128.9005837831485,35.084518882081014,공원,부산
남명어린이공원,128.909971642947,35.0832871889492,공원,부산
에디슨어린이공원,128.897987922199,35.0875127905222,공원,부산
갈대성어린이공원,128.906043373983,35.0831417414931,공원,부산
맹꽁어린이공원,128.897917996242,35.0807098118433,공원,부산
명호어린이공원,128.900768604475,35.0807192224033,공원,부산
큰나무어린이공원,128.897765706621,35.0831274175877,공원,부산
송정공원,128.82363920793486,35.0998471687578,공원,부산
안청공원,128.80332176972,35.0979539975816,공원,경남
용재공원,128.81725829408,35.100393615218,공원,경남
용원체육공원,128.82348650273,35.0936310958754,공원,경남
청안공원,128.806947333976,35.1036335345284,공원,경남
풀잎나루공원,128.821013514295,35.091739675282,공원,경남
초록오름1공원,128.806089878718,35.0893223866336,공원,경남
청안제2근린공원,128.8035308348461,35.10634841542024,공원,경남
망개어린이공원,128.80083591325,35.0890310533078,공원,경남
초록오름2공원,128.809462206536,35.0894072770854,공원,경남
제3어린이공원,128.81557839487235,35.09802336398706,공원,경남
어린이공원34호,128.8150263499184,35.09038392240297,공원,경남
제4어린이공원,128.8198411145006,35.099127409670785,공원,경남
안청공원 물놀이터,128.80308851337196,35.098217018011596,공원,경남
보람공원,128.844370461059,35.0883332349758,공원,부산
희망공원,128.853295114012,35.0920074283704,공원,부산
가람어린이공원,128.820260002312,35.1499421498766,공원,부산
신명공원,128.825285833927,35.1475053605323,공원,부산
숲길공원,128.824608510081,35.1471460704291,공원,부산
구랑공원,128.852957684603,35.1308140141155,공원,부산
과학산단제2어린이공원,128.83520176495603,35.149819427728154,공원,부산
압곡공원,128.845209892332,35.1289766464445,공원,부산
화전공원,128.87956401434036,35.10561304841625,공원,부산
화암공원,128.87741827354841,35.10998018925748,공원,부산
화연공원,128.87957601676635,35.102267598933956,공원,부산
화동공원,128.886421812018,35.1116292540796,공원,부산
웃들공원,128.882383473836,35.1150048640414,공원,부산
너울공원,128.924310894221,35.0944515397882,공원,부산
부산명지지구 문화공원,128.921870002634,35.107710801651,공원,부산
꿀벌어린이공원,128.914698733367,35.0932159190336,공원,부산
꽃게어린이공원,128.921081399786,35.1114902973248,공원,부산
큰배어린이공원,128.921085166057,35.1026341982346,공원,부산
물결공원,128.912544079053,35.0943854454344,공원,부산
도요새공원,128.908417353982,35.0918640506045,공원,부산
돛단배어린이공원,128.900266820081,35.0959483706403,공원,부산
소리공원,128.912157994615,35.0975727646515,공원,부산
해오라기공원,128.909178095909,35.0939248275546,공원,부산
파도어린이공원,128.915899554582,35.0934582914214,공원,부산
두루미공원,128.923649575971,35.0957056873123,공원,부산
나뭇잎어린이공원,128.92166452506,35.0947548720774,공원,부산
가리새공원,128.890491930837,35.1384485542238,공원,부산
태야공원,128.872956880282,35.1459485399133,공원,부산
가리새수변공원,128.887423188651,35.142858193988,공원,부산
세산공원,128.875600216947,35.1430418307813,공원,부산
미음공원,128.863665386672,35.1469840370067,공원,부산
마비등공원,128.881302483615,35.1467294201627,공원,부산
금병어린이공원,128.882682778718,35.1494926702635,공원,부산
생곡공원,128.88170900011,35.1319795175609,공원,부산
생활공원,128.885325858198,35.1352649276886,공원,부산
석말공원,128.87902337183,35.1449533902287,공원,부산
죽곡공원,128.878609327883,35.1474651397212,공원,부산
우열등공원,128.885050002251,35.1398581153028,공원,부산
불미공원,128.881126537864,35.1314568557197,공원,부산
한적공원,128.880667640909,35.1320137111517,공원,부산
녹산수문공원,128.897284230804,35.1211096992477,공원,부산
노적봉공원,128.898843738343,35.1195415198741,공원,부산
다대포해변공원,128.96662510494986,35.04608132363738,공원,부산
아미산전망대공원,128.960482133613,35.0525549335393,공원,부산
다대근린공원,128.962798424274,35.0501085728342,공원,부산
열림공원,128.967353078933,35.0554148942015,공원,부산
대성어린이공원,128.96728323658405,35.048712049440084,공원,부산
응봉어린이공원,128.96119883505344,35.05154572257425,공원,부산
중현공원,128.967070242006,35.0513911485586,공원,부산
노을마당,128.962835235248,35.0510055667041,공원,부산
조성공원,128.964578836774,35.0498634571388,공원,부산
다대포해변공원 잔디광장2,128.9667338114588,35.04563346963137,공원,부산
다대포해변공원 보도교,128.966445020596,35.0463401829056,공원,부산
다대포해변공원 잔디광장3,128.96755621068968,35.044696406152035,공원,부산
다대포해변공원 잔디광장1,128.96850757639191,35.04657708049105,공원,부산
다대포해변공원 다목적광장,128.96636344537,35.0473256097167,공원,부산
다대포해변공원 차도교,128.968046105892,35.0445622903543,공원,부산
다대포해변공원 출렁다리,128.96802799201743,35.04636497258514,공원,부산
다대포해변공원 지압쉼터,128.967744980767,35.0457134954741,공원,부산
강변환경공원,128.951595713032,35.0828585370413,공원,부산
통일아시아드공원,128.980002127098,35.0593923457322,공원,부산
장림생태공원,128.960297249833,35.081989975044,공원,부산
보림공원,128.967279804291,35.083138525384,공원,부산
장림유수지,128.958020701947,35.081413957282,공원,부산
장림공원,128.965401388934,35.0818875032266,공원,부산
홍티문화공원,128.959242388969,35.062083469548,공원,부산
낫개가로공원,128.979012749735,35.0619931103589,공원,부산
등나무공원,128.980422262289,35.0678909107833,공원,부산
다대꿈동산어린이공원,128.96910355713806,35.05793505468027,공원,부산
두송공원,128.985370724767,35.0662869732249,공원,부산
씨앗어린이공원,128.9851577894,35.083286848776,공원,부산
다송어린이공원,128.9805850556397,35.06859478363122,공원,부산
쌈지공원,128.96780927914133,35.079622502113324,공원,부산
구평근린공원,128.984226457945,35.0837617019253,공원,부산
더불어공원,128.982542775632,35.0667387817179,공원,부산
구평뜰공원,128.984477537732,35.0868847067469,공원,부산
해송어린이공원,128.9788604855543,35.06617351081842,공원,부산
초롱공원,128.971588320437,35.0610867008317,공원,부산
은빛어린이공원,128.9780963651588,35.06725749380889,공원,부산
하늘어린이공원,128.9833810212957,35.063647512929585,공원,부산
솥밭어린이공원,128.97457123828283,35.06165908299167,공원,부산
공간공원,128.980556427824,35.0661854720466,공원,부산
암남공원,129.015681238627,35.0585918147655,공원,부산
송도오션파크,129.017551220026,35.0725831107157,공원,부산
남항체육공원,129.025644789376,35.081517618349,공원,부산
감천 나누리파크,129.004045226346,35.0872332546216,공원,부산
송림공원,129.0229844399765,35.076781287369734,공원,부산
남항대교 수변공원,129.038313993712,35.0821559609273,공원,부산
부산국가지질공원 송도반도,129.017593029361,35.0764178415091,공원,부산
브릿지수변테마공원,129.036470450953,35.0836720846711,공원,부산
송도100주년기념공원,129.016310995576,35.0751036207437,공원,부산
두도공원,129.014896876937,35.0493298625833,공원,부산
암남공원,129.01747356872,35.0697853331569,공원,부산
안골새공원,129.006662552303,35.0866636638831,공원,부산
팽나무공원,129.006777785472,35.083759951116,공원,부산
감천산림공원,129.009177241149,35.0881684347064,공원,부산
빛여울공원,129.01493925858,35.0781634084017,공원,부산
열매어린이공원,128.989744846924,35.0798592331673,공원,부산
암남공원 해안산책로,129.020145492869,35.0623853971864,공원,부산
을숙도생태공원,128.948878070867,35.1160732807011,공원,부산
울림공원,128.927251217255,35.1019784629016,공원,부산
을숙도철새공원,128.939434652895,35.1039397604647,공원,부산
을숙도 기후생태교육공원,128.947839390939,35.1119715487341,공원,부산
을숙도체육공원,128.94707755848,35.1102823465071,공원,부산
신포나루공원,128.934237623756,35.1122362816069,공원,부산
을숙도조각공원,128.944850423867,35.109231275118,공원,부산
낙동강하류철새도래지,128.942412439624,35.1057629430329,공원,부산
메모리얼파크,128.945171862629,35.0956235412257,공원,부산
낙동가람끝공원,128.939893647603,35.1101650526995,공원,부산
부산현대미술관 야외조각공원,128.942758620339,35.1099055742303,공원,부산
봄뜰어린이공원,128.925855235844,35.1055657778948,공원,부산
을숙도탑공원,128.947818679928,35.108797892841,공원,부산
명지소공원,128.92655534334853,35.10761173649722,공원,부산
낙동강하구둑 자전거공원 트릭아트,128.948159367579,35.1081832123189,공원,부산
울림공원 마을비석,128.925522138705,35.0986318733838,공원,부산
을숙도생태공원 중앙광장,128.947997324481,35.1139065662638,공원,부산
을숙도생태공원 버드나무숲,128.949128532055,35.1166424079373,공원,부산
을숙도생태공원 탐방데크,128.950569070655,35.117996242623,공원,부산
을숙도생태공원 수로형습지,128.948806555596,35.1174910988966,공원,부산
을숙도생태공원 호수형습지,128.945192030677,35.1140057021274,공원,부산
에덴공원,128.963409006528,35.1092131816611,공원,부산
쌈지공원,128.957961334301,35.107542203968,공원,부산
신평레포츠공원,128.95968910525903,35.09286185281696,공원,부산
햇님공원,128.960686194583,35.1033634998015,공원,부산
제석골산림공원,128.986440338168,35.1131959550644,공원,부산
동아대학교 뉴턴의사과나무공원,128.966898870999,35.1150178997354,공원,부산
희망어린이공원,128.97270535620714,35.107069685207335,공원,부산
쌈지공원,128.978188859043,35.0916087827829,공원,부산
샛별어린이공원,128.98163002996725,35.10241365227783,공원,부산
당리공원,128.979385297623,35.1053593584922,공원,부산
신평배수지,128.978749061758,35.0951899632032,공원,부산
해바라기공원,128.958000021512,35.0992578552987,공원,부산
마루공원,128.977281038321,35.1057740093164,공원,부산
하늘땅별땅공원,128.968728606608,35.0926027165415,공원,부산
아트몰링 아트가든,128.966367310819,35.1066815457548,공원,부산
돌담쉼터공원,128.977993377188,35.1034859926532,공원,부산
어린이놀이터,128.98113898661032,35.0995685304864,공원,부산
괴정쌈지공원,128.985324804713,35.0956033147087,공원,부산
에덴공원 체력단력장,128.96411372823312,35.10864663079805,공원,부산
에덴공원 쉼터,128.965327954436,35.1090667238015,공원,부산
맥도생태공원 연꽃단지,128.949084282392,35.1383491059091,공원,부산
을숙도생태공원 전망광장,128.951622434519,35.1200375935099,공원,부산
맥도생태공원 잔디광장,128.955987458719,35.1480859736689,공원,부산
맥도생태공원 다목적광장,128.954545390604,35.1442179424846,공원,부산
맥도생태공원 배드민턴장,128.954059209814,35.14930485609,공원,부산
엄궁유수지공원,128.969433075124,35.1325390040841,공원,부산
나라어린이공원,128.97780268023,35.1271721985142,공원,부산
다온공원,128.977321568486,35.1265095722631,공원,부산
도담공원,128.968039357919,35.1239932024936,공원,부산
절골공원,128.97995561401223,35.128111210579476,공원,부산
해름소공원,128.965495214773,35.1246112588124,공원,부산
보듬공원,128.97250102201096,35.122885189083526,공원,부산
장밭갓공원,128.976575235934,35.1297587951294,공원,부산
천마산조각공원,129.016021118233,35.0880908468723,공원,부산
회화나무샘터공원,128.99114697225764,35.09785088256275,공원,부산
괴정 오작교체육공원,128.997102434322,35.0958405870893,공원,부산
부민산공원,129.009154153449,35.1064393340884,공원,부산
부산생활체육공원,129.016060938024,35.1164196075063,공원,부산
괴정1동정자공원,128.9886235076662,35.0966612969955,공원,부산
꽃님공원,129.00239376456793,35.08955135204345,공원,부산
어메니티쉼터,128.99447411726263,35.08976213053886,공원,부산
용두산공원,129.03244338014895,35.10093050445418,공원,부산
용두산공원 에스컬레이터,129.033487281099,35.0985906659758,공원,부산
용두산공원 부산시민의 종,129.033209831669,35.1001786850618,공원,부산
용두산공원 미술의거리,129.032052819988,35.100216113757,공원,부산
용두산공원 팔각정,129.032626538747,35.1012410414756,공원,부산
용두산공원 꽃시계,129.033066401433,35.1000549267797,공원,부산
부산타워,129.03232871480225,35.10121449509689,공원,부산
이순신장군동상,129.032782227307,35.1004453963981,공원,부산
롯데백화점광복점 하늘정원,129.036501003381,35.0979497933643,공원,부산
옥상공원 롯데백화점 광복점,129.036474519008,35.0979430289913,공원,부산
롯데백화점 옥상정원,129.03683654098248,35.09821450705362,공원,부산
휴메트로커뮤니티파크,129.035316256657,35.0983698167632,공원,부산
민주공원,129.027762055647,35.1102621874002,공원,부산
중앙공원,129.029543811695,35.1168361597751,공원,부산
중앙대청공원,129.028631902259,35.1074828252077,공원,부산
영주배수지체육공원,129.034182922663,35.1139178707868,공원,부산
중앙공원 조각공원,129.028257389172,35.1116633341924,공원,부산
복병산체육공원,129.032503417641,35.1054678122811,공원,부산
영주어린이공원,129.030762666113,35.1115042221398,공원,부산
오름소공원,129.033149303474,35.1085128584288,공원,부산
중앙공원 무궁화동산,129.028209877863,35.1153652508661,공원,부산
닥밭골 방재공원 2호,129.025619558793,35.1124932819991,공원,부산
중앙공원 충혼탑,129.028147574386,35.1157276643696,공원,부산
민주공원 4.19광장,129.028343683258,35.1110743241785,공원,부산
중앙공원 대한해협전승비,129.0283003090969,35.108616646389734,공원,부산
중앙공원 시민광장,129.028343991838,35.1121485186333,공원,부산
북항친수공원,129.04641909344494,35.11440393675133,공원,부산
초량1동 소규모마을공원,129.03623135352,35.1170808242923,공원,부산
이바구공원,129.035201097879,35.1171089475113,공원,부산
대신공원,129.015681047021,35.1218329812245,공원,부산
구덕문화공원,129.005091663913,35.1261937523777,공원,부산
대신공원 산책로,129.017788316164,35.1229550140851,공원,부산
엄광산 편백숲 체육공원,129.013987965541,35.1424241292214,공원,부산
구덕공원,128.990964886889,35.1393964828698,공원,부산
다솜공원,129.015801154475,35.1492158411981,공원,부산
다누림공원,128.994495976768,35.1472930793505,공원,부산
승학공원,128.991857122925,35.1358528033945,공원,부산
새싹공원,129.01450343889,35.1490932445825,공원,부산
그린웨이서구일주로 4코스(대신공원숲길),129.01623442743485,35.12808513575457,공원,부산
수정산가족체육공원,129.037891729873,35.132834210143,공원,부산
가야감고개공원,129.033285060003,35.1490434500232,공원,부산
개금1배수지 체육공원,129.022495214062,35.1488194772511,공원,부산
가야산책공원,129.02719164188406,35.14795334202116,공원,부산
중앙공원,129.033327644858,35.1363353484795,공원,부산
수정산 배수지,129.040240469377,35.1260250906379,공원,부산
고지대그린테마공원,129.040144393661,35.1306154649246,공원,부산
가얏골쌈지공원,129.033603397141,35.1472420768405,공원,부산
수정동 우리동네 방재공원,129.041983090469,35.1265832948579,공원,부산
개금2동어린이놀이터,129.01963569819924,35.14463709444881,공원,부산
동의대학교 효민원,129.033411474178,35.1404108332207,공원,부산
동의대학교 혜안지,129.0334840069,35.1410332248485,공원,부산
아미르공원,129.07578664255,35.0754678115924,공원,부산
75광장,129.058031259508,35.0706987308175,공원,부산
조내기고구마역사공원,129.05807787794848,35.08494728494819,공원,부산
봉래산 불로초공원,129.054018450226,35.0860506871457,공원,부산
영도어울림문화공원,129.066113940212,35.0751247898465,공원,부산
절영어린이공원,129.06129818600425,35.072023826774405,공원,부산
푸른공원어린이공원,129.06760083305073,35.07401352799415,공원,부산
청학배수지 체육공원,129.060035972895,35.0883492883334,공원,부산
구민체육공원,129.07752254268078,35.07882106458002,공원,부산
동삼근린공원,129.06761699688,35.0733508912187,공원,부산
광명공원,129.06936553218966,35.084292808836935,공원,부산
상리어린이공원,129.0656197058879,35.0836952397346,공원,부산
중리공원,129.07140251009545,35.07471282336539,공원,부산
BMC와치공원,129.06463823138,35.076768436017,공원,부산
일산봉어린이공원,129.069687873607,35.0860725225786,공원,부산
함지골공원,129.055879572311,35.0768596146316,공원,부산
미륵암약수터 체육공원,129.0594424518,35.0814888411305,공원,부산
팔각어린이공원,129.068935590412,35.0874100847002,공원,부산
와치공원,129.06774790433101,35.075801647128905,공원,부산
청학수변공원,129.061157551844,35.0977132064528,공원,부산
감만당집마루소공원,129.080168718783,35.1128199444755,공원,부산
백운포체육공원,129.110371972133,35.1033113205671,공원,부산
신선대유원지,129.10285274950186,35.10223988231584,공원,부산
무제등소공원,129.104586638744,35.1068976192105,공원,부산
용호3구역어린이공원,129.112049670743,35.1128271625652,공원,부산
우암동도시숲,129.07393781223,35.1272877055538,공원,부산
부산진성공원,129.061127956407,35.1362368055814,공원,부산
증산공원,129.050875756992,35.1372182557949,공원,부산
전포돌산공원,129.0708106578131,35.149071832670636,공원,부산
동천문화공원,129.064248732237,35.1486071034227,공원,부산
범일동산 산림공원,129.051579769859,35.1413156522525,공원,부산
문현교통광장,129.068888137964,35.1364938215993,공원,부산
금융문화공원,129.064304468719,35.1464703980454,공원,부산
좌천더숲어린이공원,129.05221667602,35.1360961232612,공원,부산
만리산체육공원,129.052972099302,35.144334396879,공원,부산
좌천범일어린이공원,129.0552059543197,35.13260208896525,공원,부산
연포하늘공원,129.080130066856,35.1397599544795,공원,부산
문현어린이공원,129.073612209987,35.1427337965647,공원,부산
개나리어린이공원,129.0733931559858,35.138077638743674,공원,부산
광선대,129.067238515909,35.1311258150842,공원,부산
대연어린이공원,129.079518751003,35.1375076359024,공원,부산
통일동산어린이공원,129.07308762919652,35.13969955264268,공원,부산
증산공원 족구장,129.050764030152,35.1364379346829,공원,부산
재한유엔기념공원 상징구역,129.09558381292783,35.12865896195635,공원,부산
당곡공원,129.09100304901847,35.1238078651366,공원,부산
우룡산공원,129.0821563437898,35.13088835877328,공원,부산
석포어린이공원,129.091205719816,35.1258572104097,공원,부산
늘봄어린이공원,129.087165463557,35.1284591441282,공원,부산
대일어린이공원,129.09559115603,35.1339954964947,공원,부산
초록어린이공원,129.089790209033,35.1219724000611,공원,부산
남광공원,129.090287154325,35.1216754559618,공원,부산
UN기념공원 추모관,129.095779130526,35.1274633498142,공원,부산
재한유엔기념공원 정문광장,129.09557955135116,35.12759386565045,공원,부산
UN기념공원 캐나다기념동상,129.096476080515,35.1281217533792,공원,부산
UN기념공원 영연방위령탑,129.096691117939,35.1282946590766,공원,부산
평화공원,129.1003060521524,35.12580071669106,공원,부산
UN조각공원,129.0975773326,35.1296598931204,공원,부산
솔밭어린이공원,129.109424809997,35.1199109295519,공원,부산
분포공원,129.10770729582677,35.13093493566246,공원,부산
용소마을쌈지공원,129.100697513422,35.1310476809024,공원,부산
UN기념공원 유엔군위령탑,129.0983940026,35.1272883195348,공원,부산
UN기념공원 연못,129.099702459523,35.1278387856867,공원,부산
UN기념공원 유엔군전몰장병추모명비,129.097629460224,35.1282712063594,공원,부산
대연공원,129.094492491891,35.139752171322,공원,부산
못골어린이공원,129.090132663025,35.1396607651995,공원,부산
대연문화공원,129.103932501055,35.139492150434,공원,부산
대연혁신도시어린이공원,129.099975595461,35.1423156494885,공원,부산
대연숲속소공원,129.1067388714851,35.13753923190461,공원,부산
오륙도해맞이공원,129.1233738816463,35.1022136829983,공원,부산
이기대도시자연공원,129.12255030176132,35.11658442953258,공원,부산
용호별빛공원,129.1200301662709,35.13279526630977,공원,부산
삼익비치 수변공원,129.116422305939,35.1461837095712,공원,부산
남천해변공원,129.114751626726,35.1466598630389,공원,부산
이기대 자연마당,129.122843568065,35.1033710477846,공원,부산
남부환경체육공원,129.114938386786,35.1262328434299,공원,부산
쌈지공원,129.114527838654,35.139368032048,공원,부산
용호공원,129.114756202678,35.1323359429311,공원,부산
용삼어린이공원,129.11395607906428,35.121965892313526,공원,부산
모산공원,128.82357297524513,35.16711434283052,공원,경남
율하유적공원,128.81497680062353,35.1716251373059,공원,경남
반룡산공원,128.805207252415,35.1799991749762,공원,경남
김해시어린이교통공원,128.809432496174,35.1757076562859,공원,경남
김해관동유적체육공원,128.82200766332025,35.1778712334742,공원,경남
유적공원,128.812772475425,35.1756577014811,공원,경남
신리공원,128.81968777137,35.1725259356898,공원,경남
소우지공원,128.826513363464,35.1722276142678,공원,경남
고인돌공원,128.81014711107,35.1706619428118,공원,경남
장유마을공원,128.828092642714,35.1726156325714,공원,경남
우리들어린이공원,128.82444019056,35.1744911458966,공원,경남
소담공원,128.825673267933,35.1716175517544,공원,경남
구실공원,128.801773884213,35.1776170577659,공원,경남
율천공원,128.811546709611,35.1735915590576,공원,경남
화촌공원,128.810820668616,35.1775253623807,공원,경남
정자배기공원,128.814037626252,35.1682804192593,공원,경남
죽림공원,128.815382184114,35.1776643374827,공원,경남
수남공원,128.817239645712,35.1690480023414,공원,경남
김해시어린이교통공원 바닥분수,128.809278712149,35.1751079492388,공원,경남
김해시어린이교통공원 배드민턴장,128.809399768573,35.1752214946578,공원,경남
김해관동유적체육공원 삼국시대의선착장,128.822003825987,35.1779451898185,공원,경남
김해관동유적체육공원 삼국시대의집,128.821839524981,35.1784523353487,공원,경남
솔마루공원,128.8326467253688,35.1651001652038,공원,경남
장전공원,128.861602745404,35.1614349359747,공원,부산
선비어린이공원,128.839484918606,35.15096747771,공원,부산
남강공원,128.856423073068,35.1561252723643,공원,부산
탑동공원,128.858573246026,35.1618870045423,공원,부산
분절공원,128.85323685817,35.1561920909775,공원,부산
바위공원,128.815985526736,35.2044299940765,공원,경남
가마실 공원,128.800718675045,35.2022212168391,공원,경남
수변공원,128.80275627317172,35.189711362077816,공원,경남
하늘나리공원,128.805567754824,35.1945067890264,공원,경남
개미공원,128.806363953847,35.191593037676,공원,경남
롯데가든파크,128.826623242068,35.183024156029,공원,경남
수변공원,128.807267457219,35.1923365642675,공원,경남
젤미공원,128.804456256861,35.195875165866,공원,경남
알로기공원,128.80648659354452,35.203079737134225,공원,경남
무지개공원,128.800980382375,35.2088510736922,공원,경남
산돌림공원,128.809236146073,35.2017048948967,공원,경남
돌마루공원,128.812846678644,35.2027142949437,공원,경남
반달공원,128.808381109006,35.199983759183,공원,경남
단비공원,128.803793579652,35.19867516586,공원,경남
샘터공원,128.800995602473,35.1962655514079,공원,경남
숲정이공원,128.818637284234,35.2059618743243,공원,경남
수우공원,128.80630448121627,35.19054312189495,공원,경남
신명공원,128.803734987077,35.2070464050232,공원,경남
장구공원,128.80261440570376,35.2033934033122,공원,경남
아람치공원,128.80508910972011,35.20507421642162,공원,경남
조만강생태체육공원,128.840043607563,35.1837536896989,공원,경남
애기나리공원,128.851008737104,35.2050998875386,공원,경남
동심공원,128.8523321902291,35.20830319418949,공원,경남
아이공원,128.85042759095722,35.20832783717823,공원,경남
방울공원,128.842531610133,35.1939895049138,공원,경남
나래공원,128.844041089706,35.1962699795964,공원,경남
해님공원,128.840512603031,35.1920880499173,공원,경남
꽃샘공원,128.8479993457528,35.199281768398976,공원,경남
바람개비공원,128.846084748853,35.1980880856848,공원,경남
우리마당공원,128.8523915487837,35.21154749873162,공원,경남
꼬꼬마공원,128.849335677314,35.2010448518536,공원,경남
녹산고향동산,128.886053521065,35.15500871440984,공원,부산
오봉산체육공원,128.902834312513,35.1912092536732,공원,부산
범방어린이공원,128.8832825554066,35.152093208614325,공원,부산
범방소공원,128.883380504904,35.1507254733292,공원,부산
수참공원,128.868388081292,35.1529493119497,공원,부산
범방공원,128.863777031008,35.1605363452827,공원,부산
무지개공원,128.835325586454,35.240231134581,공원,경남
임호체육공원,128.850287225348,35.2284590128865,공원,경남
함박공원,128.856730848748,35.233803500037,공원,경남
은하공원,128.852476062035,35.2350727029837,공원,경남
덕교어린이공원,128.844290021964,35.2257208205567,공원,경남
경운공원,128.853110235604,35.2364904763643,공원,경남
내동공원,128.859644808027,35.2411629125189,공원,경남
선지공원,128.845157480251,35.229689964044,공원,경남
선천들공원,128.838160409892,35.2307751496363,공원,경남
비비추공원,128.855553418492,35.2212661808937,공원,경남
거인공원,128.853764821036,35.2330126724174,공원,경남
주동어린이공원,128.842044989679,35.2342622680376,공원,경남
선학공원,128.860395363394,35.2370888197102,공원,경남
지성공원,128.855333824146,35.238630068572,공원,경남
아이뜰공원,128.86149197822942,35.22206085137915,공원,경남
애기등공원,128.862356017018,35.2380968257157,공원,경남
파랑공원,128.858501954675,35.2338267765988,공원,경남
느타리공원,128.85057031807057,35.22158039665958,공원,경남
수인공원,128.861734733893,35.244169574653,공원,경남
임호공원,128.86346597428766,35.226501271178385,공원,경남
유민공원,128.872167789353,35.2235949059669,공원,경남
창의뜰공원,128.865005497452,35.221787767012,공원,경남
당산공원,128.867373808549,35.2227713918865,공원,경남
흥동소공원,128.863602912255,35.22134796485,공원,경남
부원공원,128.883917638909,35.2275327804728,공원,경남
김해역세권공원,128.882934644967,35.2251076695989,공원,경남
부원역세권공원,128.884080162148,35.2252520536305,공원,경남
거북공원,128.865202221404,35.236329913568,공원,경남
봉황대공원,128.87597514422,35.2305976433521,공원,경남
공주공원,128.8679127988976,35.23478491928601,공원,경남
해반공원,128.870795973016,35.2388461809664,공원,경남
구지봉공원,128.875754921183,35.2437367349085,공원,경남
소바우 공원,128.865310525696,35.23990775885,공원,경남
한글문화공원,128.869714271562,35.2314407280127,공원,경남
흥부공원,128.86648532005617,35.23183122633371,공원,경남
한주공원,128.862960478268,35.2347495212523,공원,경남
서광공원,128.87000486026434,35.23285560714455,공원,경남
가야공원,128.869856802426,35.2364058672374,공원,경남
외동1단지어린이공원,128.8702089643987,35.228350121533516,공원,경남
봉명공원,128.8634652144131,35.23223013824484,공원,경남
다솔공원,128.86855079992938,35.240762551754514,공원,경남
송이공원,128.86352212790305,35.2406706855974,공원,경남
분성체육공원,128.888545084732,35.2406720009848,공원,경남
남산공원,128.890812325166,35.2315887141955,공원,경남
백운공원,128.88170778477718,35.24274221112765,공원,경남
남지공원,128.888888890599,35.2306779187629,공원,경남
봉우공원,128.883126530604,35.2410105921452,공원,경남
호계공원,128.8862078836785,35.240021758492624,공원,경남
복음공원,128.89250639804476,35.23094582123724,공원,경남
차밭공원,128.8887916570133,35.23846836485172,공원,경남
김해시청 팔각공원,128.890741488128,35.2285366107746,공원,경남
동상2공원,128.88908040260426,35.233110828717145,공원,경남
다전공원,128.8870450554564,35.22883943303382,공원,경남
동상3공원,128.8902567679699,35.23633040852897,공원,경남
어방택지1공원,128.901701025173,35.2273465364288,공원,경남
어방택지2공원,128.896517035282,35.2268691600669,공원,경남
중사도소공원,128.917614235029,35.2144329253845,공원,부산
어방체육공원,128.897558118146,35.2422360141939,공원,경남
자성공원,128.903763819167,35.2383535688794,공원,경남
활천공원,128.89771773759358,35.229097885977325,공원,경남
송림공원,128.901489938578,35.2361832352728,공원,경남
삼성공원,128.89944582329522,35.23189687956363,공원,경남
유신공원,128.8946204310498,35.23409932122526,공원,경남
소방공원,128.902257999287,35.2295637013297,공원,경남
삼중공원,128.90197814702418,35.23206617580853,공원,경남
덕숭공원,128.900582104893,35.2387009794952,공원,경남
동사공원,128.899771529046,35.2293792708617,공원,경남
삼정공원,128.896722200889,35.2318134376352,공원,경남
화인공원,128.89535211735046,35.22929176810481,공원,경남
산정공원,128.8975598057325,35.23589707854024,공원,경남
삼부공원,128.904119739082,35.231589113022,공원,경남
주공공원,128.89856711738094,35.237267293990385,공원,경남
공단공원,128.90406516274408,35.22925410992091,공원,경남
남경공원,128.90272899831,35.2403236058617,공원,경남
해금공원,128.90381621230492,35.23401626357404,공원,경남
제말공원,128.907982432314,35.243445467228,공원,경남
안동체육공원,128.922119886651,35.2413003790732,공원,경남
삼안공원,128.9153390720756,35.24171972287266,공원,경남
지내공원,128.920366013396,35.2319523784314,공원,경남
문화공원,128.91249059055724,35.24288224443809,공원,경남
안동체육공원 배드민턴장,128.921631983979,35.241106265774,공원,경남
홍익공원,128.865390273933,35.245115386901,공원,경남
연지공원,128.868820366145,35.2463817870613,공원,경남
우암공원,128.86694878267744,35.24409643789347,공원,경남
연지공원 연꽃광장,128.868655634468,35.2474369159673,공원,경남
연지공원 조각공원,128.867926976276,35.2455556790806,공원,경남
연지공원 음악분수,128.869162260416,35.2459619600917,공원,경남
연지공원 김해독립기념광장,128.870151038363,35.2448183957433,공원,경남
연지공원 야생화동산,128.869454607077,35.2451067241012,공원,경남
연지공원 수변데크2,128.869732722568,35.2457368607712,공원,경남
연지공원 진입광장,128.867184468799,35.2455599312553,공원,경남
연지공원 지압시설,128.867652418797,35.2466125025296,공원,경남
연지공원 수변데크,128.868218755672,35.2462072368378,공원,경남
연지공원 시계탑,128.868502772832,35.2480520828821,공원,경남
구지공원,128.872027541824,35.2459753339865,공원,경남
목화골공원,128.87368023733748,35.2469518668525,공원,경남
구름송이공원,128.87069015095378,35.25054430009319,공원,경남
새동네공원,128.870499784407,35.2481401794847,공원,경남
구주공공원,128.87672604750233,35.245883615566036,공원,경남
구산제3공원,128.873875503176,35.2495172175051,공원,경남
구산제4공원,128.873647979868,35.2514691011681,공원,경남
구산제2공원,128.876121226606,35.2474295149888,공원,경남
하늬공원,128.8691352262283,35.2551193155817,공원,경남
도드리공원,128.864210280946,35.2555656990885,공원,경남
김해시민체육공원,128.877109442396,35.256555787803,공원,경남
매정공원,128.8710498388571,35.25801946497911,공원,경남
구산제5공원,128.87310414838493,35.252852729261015,공원,경남
수리공원,128.86896721653514,35.262155649877606,공원,경남
화정공원,128.866061256175,35.2613516005628,공원,경남
초롱별공원,128.86392603250408,35.27231858045149,공원,경남
나눔공원,128.86329199650137,35.268145959497346,공원,경남
달개비공원,128.868263962793,35.2682783364038,공원,경남
띠앗공원,128.866155079542,35.26390951455964,공원,경남
둥지공원,128.863816174558,35.2652216534676,공원,경남
한마음공원,128.869027598738,35.264784368884,공원,경남
참나리공원,128.86619200259196,35.259578757113424,공원,경남
미리내공원,128.87363522539172,35.26003053940818,공원,경남
희망공원,128.8727177730229,35.26275099828259,공원,경남
어리연공원,128.874984147511,35.2629258635902,공원,경남
김해시시민체육공원,128.879306227328,35.2599569846437,공원,경남
삼방공원,128.9077881366242,35.249827072511685,공원,경남
인제공원,128.90528147657776,35.247633455971666,공원,경남
신어공원,128.90861190109123,35.25277174419297,공원,경남
신어1공원,128.90492449199306,35.24965411317566,공원,경남
인제대학교 김해캠퍼스 BC파크,128.903451255228,35.2489473473495,공원,경남
정자공원,128.9082252559618,35.24733253490917,공원,경남
고천공원,128.913553161114,35.244532622123,공원,경남
대동공원,128.91018235946615,35.24455434887047,공원,경남
동원공원,128.911471196945,35.2477484943483,공원,경남
신어2공원,128.905504889348,35.2528603767467,공원,경남
한일공원,128.91033764189538,35.250563654903445,공원,경남
맥도생태공원,128.9548991225167,35.152308462722125,공원,부산
덕두공원,128.953504997643,35.1709097149636,공원,부산
새동내어린이공원,128.950628543214,35.1745427841193,공원,부산
상방공원,128.952471222553,35.1726566543266,공원,부산
금호공원,128.953689316205,35.1657700117641,공원,부산
삼락생태공원 낙동강사문화마당,128.97063627187,35.1584193667856,공원,부산
사상둔치공원,128.965454627929,35.1526711317619,공원,부산
삼락생태공원 연꽃단지,128.971331046717,35.1626544123976,공원,부산
맥도생태공원 수변광장,128.956943235847,35.1513436302847,공원,부산
명품가로공원,128.981141632908,35.1628331582211,공원,부산
창날공원,128.985851545096,35.1639131247356,공원,부산
삼락강변체육공원 부산광역시잔디양묘장,128.971332722759,35.1699971806917,공원,부산
삼락생태공원 강나루갈대광장,128.968053416363,35.1741851248235,공원,부산
삼락생태공원,128.97318637650778,35.16913430208613,공원,부산
부산도서관문화공원,128.985676561768,35.173324258116914,공원,부산
삼락습지생태원 가족공원,128.974375093795,35.1749040831658,공원,부산
하강선대어울림공원,128.98289228643,35.168766683822,공원,부산
삼락생태공원 문화마당광장,128.976489383684,35.1688461291121,공원,부산
삼락생태공원 중앙광장,128.973308355205,35.1687321918303,공원,부산
삼락생태공원 시계탑,128.974688150562,35.1687890026609,공원,부산
모라벤처타워공원,128.984606034113,35.1902324979529,공원,부산
어울림공원,128.984011337362,35.1839241245496,공원,부산
강서체육공원,128.97175053070774,35.20972766732036,공원,부산
대저생태공원 소광장,128.970204152852,35.1970796539476,공원,부산
대저생태공원,128.97313672404005,35.19903970218602,공원,부산
사상근린공원,128.992970144996,35.1588216989302,공원,부산
서당골공원,129.000667381257,35.1811483820977,공원,부산
양지2공원,129.004645137524,35.1539681433133,공원,부산
덕포백양공원,128.989423362618,35.1750290562203,공원,부산
덕포체육공원,128.9889768643887,35.17814543853925,공원,부산
쌈지공원,128.990964025155,35.1571929286318,공원,부산
주례백양공원,128.99806549528608,35.15543043288823,공원,부산
창신공원,129.004657963473,35.1559216740436,공원,부산
양지1공원,129.0030847148183,35.15503751971891,공원,부산
모라산림공원,129.001813538424,35.1784727871379,공원,부산
부원쌈지공원,128.991017940675,35.1806018312862,공원,부산
주감공원,128.995658591294,35.1555872700123,공원,부산
사상근린공원 모험놀이장,128.994789047092,35.158712449573,공원,부산
사상근린공원 사상정원,128.993371228172,35.1599686012927,공원,부산
백양가족공원,129.02877763785318,35.173024308265056,공원,부산
부산정중앙공원,129.036939190075,35.1704027740477,공원,부산
개금숲길공원,129.02734892885243,35.16189629537973,공원,부산
백양산 맨발숲길,129.028797737409,35.1772774740646,공원,부산
은하수어린이공원,129.031739702309,35.1746508099324,공원,부산
백두어린이공원,129.025667796516,35.1723374174077,공원,부산
솔바람어린이공원,129.031551705176,35.16127344825,공원,부산
개나리어린이공원,129.029045182535,35.1607369211807,공원,부산
색동공원,129.03011508201115,35.17278651318209,공원,부산
화승주민쉼터,129.036122230089,35.1699452048523,공원,부산
까치어린이공원,129.025888243074,35.1635293247781,공원,부산
화목어린이공원,129.02274327703,35.1623833428036,공원,부산
미리내어린이공원,129.029102679525,35.171883392422,공원,부산
동양어린이공원,129.029955737918,35.1761766664438,공원,부산
개금숲길공원 배드민턴장1,129.026921969955,35.1616718422023,공원,부산
개금숲길공원 배드민턴장2,129.028006952344,35.1624106583491,공원,부산
구포어린이교통공원,129.000878326519,35.2006714255872,공원,부산
백양체육공원,129.015156915601,35.1968262897306,공원,부산
숙등어린이공원,129.014622911753,35.2116503255653,공원,부산
고동바위공원,128.99036023795,35.188423100833,공원,부산
곡상골공원,128.991139537625,35.1915679889265,공원,부산
거북소공원,129.001965466261,35.1975498285309,공원,부산
대리마을 쌈지공원,129.005962180079,35.2059627394971,공원,부산
덕천휴근린공원,129.01302560623,35.2073062570841,공원,부산
모라백양공원,129.00210031483147,35.182198889779194,공원,부산
야시곡공원,128.994741330003,35.1944861589295,공원,부산
구삼어린이공원,129.006744060551,35.195884649145,공원,부산
시랑어린이공원,129.005858738751,35.2018470247577,공원,부산
모라지구공원,128.99021161830163,35.183050055361235,공원,부산
음정어린이공원,129.010266926586,35.2060814650101,공원,부산
꿈나래어린이공원,129.013274558167,35.2060494974658,공원,부산
모라틔움공원,128.995698097487,35.192669852528,공원,부산
구포생태공원,129.011911858194,35.1944290957656,공원,부산
꿈꾸는어린이공원,129.01136940921154,35.20528544348741,공원,부산
포천어린이공원,129.009747920559,35.1970513897185,공원,부산
덕천어린이공원,129.017139699166,35.2104999739162,공원,부산
운수공원,129.001080003138,35.183830654458,공원,부산
거북어린이공원,128.99535974140952,35.202173752922484,공원,부산
쉼터어린이공원,129.01760084874405,35.209611850625116,공원,부산
대저생태공원 중앙광장,128.988904609657,35.2107509825669,공원,부산
백양근린공원,129.0383870760577,35.206575393449384,공원,부산
백운공원,129.04114990693756,35.206896504624545,공원,부산
개나리공원,129.027311171159,35.210917579359034,공원,부산
한마음어린이공원,129.031215408085,35.2115649352013,공원,부산
철쭉어린이공원,129.020995985239,35.2102355830175,공원,부산
동심공원,129.03885381458394,35.2089943549135,공원,부산
상록공원,129.04382012981608,35.20926024049023,공원,부산
함박공원,129.03872584762442,35.20594067794795,공원,부산
하얀마음어린이공원,129.0336850844687,35.20532257504596,공원,부산
동심초공원,129.028944100201,35.2096448106323,공원,부산
찬물샘공원,129.042576372743,35.1954205007235,공원,부산
하늘어린이공원,129.0358933878232,35.20313708305786,공원,부산
백양독서테마공원,129.03813088108,35.2068680790712,공원,부산
신덕어린이공원,129.030953032535,35.2038977535339,공원,부산
파란마음어린이공원,129.03566179645748,35.20837311624644,공원,부산
부산 어린이대공원 수변공원,129.039849372415,35.1882193438584,공원,부산
어린이대공원 수변공원,129.039849192246,35.1882121375981,공원,부산
서연정공원,128.969702330002,35.2163008214114,공원,부산
통일무궁화공원,128.97502304219097,35.22062082895404,공원,부산
낙동강둔치공원,128.991442683938,35.2158513106827,공원,부산
화명생태공원 중앙광장,129.00424202369086,35.22794721853528,공원,부산
덕천생활체육공원,129.011494375013,35.2155124844519,공원,부산
덕천근린공원,129.00721664046074,35.216858816339446,공원,부산
수정근린공원,129.006292260059,35.2227648951234,공원,부산
새싹공원,129.0064557379784,35.22338308645205,공원,부산
화정근린공원,129.010237458128,35.2224290726976,공원,부산
화명근린공원,129.01470357494142,35.2241976757667,공원,부산
덕내어린이공원,129.01381511439058,35.21370941115571,공원,부산
덕천소공원,129.014110427294,35.2132178685229,공원,부산
희망공원,129.00960298102962,35.22649214081345,공원,부산
솔내음어린이공원,129.009690411501,35.2186379526802,공원,부산
의성2소공원,129.017193706712,35.2134368657546,공원,부산
의성1소공원,129.017049409562,35.2139511313429,공원,부산
화명생태공원 민속놀이마당,129.004159955286,35.2237626720313,공원,부산
수정근린공원 족구장,129.006155075934,35.2230807744858,공원,부산
대저수문생태공원,128.992305743058,35.2299529758537,공원,부산
화명장미공원,129.009902667628,35.2336090480641,공원,부산
화명생태공원 튤립꽃단지,129.008343959433,35.2406396591618,공원,부산
대천공원,129.0115651854878,35.241109717981814,공원,부산
현충근린공원,129.007801964545,35.2289470672128,공원,부산
명진근린공원,129.009434708848,35.238681348101,공원,부산
양달쌈지공원,129.015248497364,35.2419189404937,공원,부산
용당어린이공원,129.00993381805253,35.231310567870686,공원,부산
화명중앙공원,129.008677413807,35.2335843370748,공원,부산
와석소공원,129.015065959989,35.2354300236835,공원,부산
견우어린이공원,129.018164025976,35.2367878009894,공원,부산
백포공원,129.0109316917878,35.23778595449273,공원,부산
벽산강변공원,129.01416927157342,35.242163103914535,공원,부산
우신자연어린이공원,129.015588820533,35.2374732564879,공원,부산
대천천수변공원,129.02243745742948,35.2432750743916,공원,부산
풀소리어린이공원,129.035813257844,35.2165044354332,공원,부산
물소리어린이공원,129.037740075405,35.2140749239338,공원,부산
직녀어린이공원,129.019872926159,35.2343892338753,공원,부산
만덕사지당간지주역사공원,129.043983063235,35.2160648368335,공원,부산
새소리어린이공원,129.032937761572,35.2148045238171,공원,부산
기비골어린이공원,129.0201348653964,35.21859832699009,공원,부산
그린꽃님공원,129.02260046400184,35.2399759122222,공원,부산
한빛어린이공원,129.033108819735,35.2137382815562,공원,부산
남산정공원,129.02274283473844,35.21576296564601,공원,부산
긴미끄럼틀쌈지공원,129.020785203602,35.2432684401005,공원,부산
상계소공원,129.033161397399,35.2158461122454,공원,부산
상학소공원,129.033826082417,35.2165198247843,공원,부산
물샘어린이공원,129.039535480809,35.2183341941914,공원,부산
대동생태체육공원,129.003441945592,35.2618973062338,공원,경남
우리어린이공원,129.015262639492,35.2602392557949,공원,부산
천사공원,129.01082559220393,35.24434275986084,공원,부산
미래어린이공원,129.014095727942,35.2574831269123,공원,부산
금곡근린공원,129.016374162068,35.2596484965595,공원,부산
양달숲근린공원,129.014929009422,35.2449882041794,공원,부산
민주공원,129.01460967760036,35.24895231423401,공원,부산
공창어린이공원,129.016797829363,35.2636650980704,공원,부산
율리어린이공원,129.014479739964,35.2481407315981,공원,부산
사랑어린이공원,129.014354791353,35.2541895863391,공원,부산
열린어린이공원,129.013724750479,35.2513704388095,공원,부산
행복어린이공원,129.016162623216,35.2584273501393,공원,부산
화명생태공원 전망데크,129.006475369459,35.2462497515212,공원,부산
대천천누리길,129.040098494314,35.249937256226,공원,부산
솔어린이공원,129.019686568431,35.263184339874,공원,부산
건강어린이공원,129.021284423622,35.2638154911998,공원,부산
금빛어린이공원,129.019827238799,35.2679653251843,공원,부산
그린달님공원,129.02383932742654,35.245184614283325,공원,부산
용당나루 매화공원,128.904102562237,35.3632416577333,공원,경남
삼랑진생태문화공원,128.840755756266,35.3917362676152,공원,경남
달무리수변공원,128.921108722891,35.3537967966572,공원,경남
화포천체육공원,128.809636260275,35.316161326822,공원,경남
원동습지 생태공원,128.909792659004,35.3707720675543,공원,경남
미전천생태공원,128.833741551551,35.3978808214952,공원,경남
딴섬생태누리공원,128.804462869186,35.3645637320074,공원,경남
한림체육공원,128.808645672425,35.3151271713461,공원,경남
낙동강역공원,128.832257125098,35.3890898925028,공원,경남
신명공원,128.867417927612,35.2764182619191,공원,경남
김해기독공원,128.852828022783,35.3402208988055,공원,경남
장원숭모공원,128.813673848763,35.3101656064013,공원,경남
서룡공원,128.956018445921,35.3377746254671,공원,경남
황산공원 중부광장,128.9866392439806,35.30413244194464,공원,경남
황산공원 문주광장,128.98138009603542,35.307913497930194,공원,경남
황산공원,128.99324559771452,35.298380659118806,공원,경남
가산수변공원,129.01717731297,35.2966842713468,공원,경남
황산공원 유적공원,128.994447012285,35.2949310447922,공원,경남
황산공원,128.991581955884,35.3024849069622,공원,경남
가람뜰 어린이공원,129.008414442436,35.3041493247246,공원,경남
새솔어린이공원,129.0045050704,35.3060976203936,공원,경남
황산생태공원,129.00483100544642,35.28945690802652,공원,경남
황산공원 물놀이장,128.9906233763187,35.29947821595832,공원,경남
황산공원 미니기차,128.99087715329185,35.29906851674707,공원,경남
황산문화체육공원 전망대,128.988866082046,35.2970235485883,공원,경남
황산공원 캠크닉존,129.001818234522,35.2938684179418,공원,경남
황산공원 불빛정원,128.990975172392,35.3019920563701,공원,경남
황산생태공원 모래등마루,129.002840962794,35.2896520963314,공원,경남
황산공원 이색광장,128.990591736779,35.2995328063066,공원,경남
황산공원 황산힐링숲,129.001380918832,35.2937404844042,공원,경남
황산공원 삽랑마당,128.99393591119758,35.29882886573221,공원,경남
황산공원 황산정,128.989619126882,35.3016512150109,공원,경남
황산공원 마음정원,129.00088060714344,35.29176802508608,공원,경남
황산공원 미니캠프파이어존,128.993073861567,35.298728633194,공원,경남
황산공원 샌드키즈파크,128.991539123005,35.2996163310916,공원,경남
황산문화체육공원 희망의숲,129.001061349439,35.2926806080705,공원,경남
황산문화체육공원 체력단련장,128.998043639947,35.2954736332848,공원,경남
양산수질정화공원,129.021794930516,35.3066207258163,공원,경남
목련어린이공원,129.026497834615,35.3007160478616,공원,경남
가산수변공원 배드민턴장,129.020091755671,35.2971907193938,공원,경남
디자인공원,129.000699170192,35.3227851353746,공원,경남
수학체험공원,129.007081287462,35.3190639040411,공원,경남
구두공원,129.00256820756,35.3097595666725,공원,경남
가촌신기어린이공원,128.99340991468986,35.320083165493216,공원,경남
메기들공원,129.007635816376,35.3124979171549,공원,경남
신기공원,128.99566010125,35.3143363254901,공원,경남
서남체육공원,129.00002105055256,35.32944685610144,공원,경남
통새미공원,128.996601465578,35.3205171092133,공원,경남
물금중부공원,128.98961375342748,35.307177193075084,공원,경남
범어4호어린이공원,129.001519015699,35.3324895731324,공원,경남
캠퍼스공원,129.0122000912411,35.311326224334984,공원,경남
야리공원,129.008902223384,35.3163157816918,공원,경남
주산지어린이공원,129.002919398393,35.335227494888,공원,경남
물금동부공원,128.990779649499,35.3098930052626,공원,경남
다솜 어린이공원,129.008028189194,35.307201636999,공원,경남
새실공원,128.9987006631,35.3125306409541,공원,경남
가촌1어린이공원,128.99381764861886,35.32334402150401,공원,경남
범어2어린이공원,129.00701860360746,35.33480623353841,공원,경남
오래뜰어린이공원,129.006464046059,35.3079665539413,공원,경남
범어5호어린이공원,128.99855406102935,35.33181051281448,공원,경남
범어6호어린이공원,128.99781729498307,35.32846049932792,공원,경남
가촌2어린이공원,128.99194916629034,35.320417244910296,공원,경남
디자인공원 물놀이장,129.001785306155,35.3236683027249,공원,경남
디자인공원 충혼탑,129.000076696464,35.3234046164438,공원,경남
디자인공원 전망대,129.000445254624,35.321762025173,공원,경남
디자인공원 쉼터,129.00113809798,35.3223921759145,공원,경남
황산어린이공원,129.032865895837,35.3364251964915,공원,경남
금산근린공원,129.025683475836,35.3089671030582,공원,경남
남부유수지체육공원,129.02420177442698,35.32846933469445,공원,경남
석산근린공원,129.02586688701845,35.32068255961623,공원,경남
남부공원,129.022345050268,35.3343596742973,공원,경남
석금산어린이공원,129.02794034916016,35.31807681493894,공원,경남
의자공원,129.023357620387,35.3079670308454,공원,경남
한신어린이공원,129.031547802247,35.3129382719435,공원,경남
해강어린이공원,129.030878024869,35.3153465786889,공원,경남
금빛햇살공원,129.02284932511674,35.312409192089284,공원,경남
석산강변어린이공원,129.024303164266,35.3234518525276,공원,경남
시청사공원,129.03579724124702,35.33482678244058,공원,경남
남부3근린공원,129.03061295902833,35.33200240932557,공원,경남
금빛가온공원,129.02660824588722,35.31214797655701,공원,경남
석산들어린이공원,129.02339677758,35.318496299048,공원,경남
남부어린이공원,129.026167705776,35.331545345015,공원,경남
석산은행나무공원,129.028995239427,35.3091638824194,공원,경남
금산날뜰어린이공원,129.028006355539,35.3070717889925,공원,경남
곡리어린이공원,129.031260943139,35.3171172061318,공원,경남
남부2어린이공원,129.036383089768,35.3359983106224,공원,경남
남부공원 배드민턴장,129.02304224342,35.3328593112522,공원,경남
남부유수지체육공원 배드민턴장,129.0247403612614,35.32846031261021,공원,경남
매화공원,128.926473133925,35.3586497419473,공원,경남
상동화현강변공원,128.933603652609,35.3413957625641,공원,경남
양산워터파크,129.02145707276108,35.338135014128135,공원,경남
춘추공원,129.029268769263,35.3466721874915,공원,경남
북정 메타공원,129.0409867957,35.3586510254439,공원,경남
어곡2근린공원,129.016290944109,35.3806607042503,공원,경남
양주근린공원,129.033193666151,35.3431854674989,공원,경남
느티나무어린이공원,129.042460635283,35.3579448555219,공원,경남
양산 항일독립기념공원,129.027496375274,35.3471795476843,공원,경남
옹기골어린이공원,129.037152631892,35.3390978882766,공원,경남
신기12어린이공원,129.03774140684723,35.355793324903686,공원,경남
어곡주민공원,129.02657059638028,35.37768611184518,공원,경남
교동어린이공원,129.0199243427844,35.34799754918541,공원,경남
신기11어린이공원,129.0366678254325,35.352859290342664,공원,경남
중앙 어린이공원,129.031896218471,35.3403885154161,공원,경남
서북안어린이공원,129.038503714349,35.3490994064105,공원,경남
신기1어린이공원,129.047743407467,35.3540454128639,공원,경남
어곡1 근린공원,129.021789424205,35.379299980649,공원,경남
북정3어린이 공원,129.048628577676,35.3613909040083,공원,경남
신기5어린이공원,129.040063999038,35.3515295814174,공원,경남
서일동어린이공원,129.035439346462,35.3404622537631,공원,경남
희망어린이공원,129.043662732243,35.34715590472198,공원,경남
북정2어린이공원,129.048399329489,35.3646821415075,공원,경남
북부1어린이공원,129.03823977566,35.3458182971296,공원,경남
북정4어린이공원,129.048329109637,35.3598135838264,공원,경남
북정7어린이공원,129.043751580786,35.3559188895565,공원,경남
북정6어린이공원,129.041157221265,35.3561573959147,공원,경남
신기2어린이공원,129.047684898004,35.3553872991554,공원,경남
신기4어린이공원,129.039323825377,35.3527135601429,공원,경남
춘추공원 현충탑,129.0284155786625,35.34747591532843,공원,경남
쌈지공원,129.057313552616,35.155712723072,공원,부산
부산시민공원 방문자센터,129.055564195666,35.1655542858827,공원,부산
부산시민공원 거울연못,129.055896337737,35.1653215545179,공원,부산
부산시민공원 하늘빛폭포,129.054616584301,35.1648782752899,공원,부산
황령산레포츠공원,129.076313546486,35.1570790467545,공원,부산
전포2-1재개발공원A,129.070181995053,35.1532729783793,공원,부산
전포2-1재개발어린이공원,129.07097256498,35.1541606229736,공원,부산
전포2-1재개발공원C,129.07066860283,35.1577524383684,공원,부산
전포2-1재개발공원B,129.070221350674,35.1577267418096,공원,부산
부산시민공원,129.057403818219,35.1683562959139,공원,부산
연지어린이공원,129.0557156367138,35.173051180710836,공원,부산
부산시민공원 하야리야잔디광장,129.0575098148788,35.167946268850976,공원,부산
부산시민공원 문화예술촌,129.055280853741,35.1685978129558,공원,부산
부산시민공원 흔적극장,129.057534495386,35.1702320952871,공원,부산
부산시민공원 부전천,129.054048168948,35.1658395456349,공원,부산
부산시민공원 써클타워,129.0565977332705,35.17007678873122,공원,부산
부산시민공원 기억의기둥,129.055043334128,35.1673582409858,공원,부산
부산시민공원 향기의숲,129.055381514841,35.1694576148119,공원,부산
부산시민공원 미로정원,129.055858824825,35.1664468414101,공원,부산
부산시민공원 에어바운스,129.057563632949,35.169297997332,공원,부산
부산시민공원 청소년문화마당,129.056245885427,35.1692663120264,공원,부산
부산시민공원 동물유치원,129.056884255468,35.1696880273116,공원,부산
부산시민공원 시민사랑채,129.05916310522,35.170056620238,공원,부산
부산시민공원 다솜마당,129.060854181834,35.1681822738351,공원,부산
부산시민공원 기억의숲,129.061636113658,35.168378032638,공원,부산
부산시민공원 음악분수,129.059367842787,35.1672090747446,공원,부산
부산시민공원 시민마루,129.058877703991,35.1670948515139,공원,부산
부산시민공원 전포천,129.05909474238,35.1687384833697,공원,부산
부산시민공원 참여의정원,129.060938147269,35.1699435146874,공원,부산
부산시민공원 도심백사장,129.059925891165,35.167405047548,공원,부산
부산시민공원 농협기부숲,129.059005905321,35.1692194115774,공원,부산
부산시민공원 참여의벽,129.060271929229,35.1691149704626,공원,부산
부산시민공원 버즘나무숲,129.061439798597,35.168774280849,공원,부산
부산시민공원 참여의숲,129.060477338751,35.1711661211105,공원,부산
부산시민공원 돔플레이,129.058062735431,35.168896609198,공원,부산
부산시민공원 참여의숲길,129.060829926797,35.1705257038542,공원,부산
부산시민공원 자연의숲길,129.059912010173,35.1685948159658,공원,부산
백양어린이공원,129.05206195668777,35.181299304694925,공원,부산
초연근린공원,129.051076902316,35.1780916426755,공원,부산
화지공원,129.059952432811,35.1743723685398,공원,부산
녹음광장,129.073793839624,35.1807433743603,공원,부산
부산광역시청 등대광장,129.073963272098,35.1811910502742,공원,부산
양정라이온스공원,129.068292905035,35.1679328860723,공원,부산
부산광역시청 시민광장,129.075963158602,35.1795527170568,공원,부산
연산공원,129.080143533144,35.1730358991965,공원,부산
양정꿈동산어린이공원,129.07744726239125,35.17438436178389,공원,부산
부산광역시청 잔디광장,129.073199167627,35.1798019375089,공원,부산
연화공원 부산사랑터,129.076565245339,35.1788863501636,공원,부산
양지공원,129.08066750985003,35.17193469492284,공원,부산
근린공원,129.073085616457,35.1798255096398,공원,부산
토곡근린공원,129.10896734452,35.1797969481395,공원,부산
호암근린공원,129.111413764667,35.1582780848353,공원,부산
새싹공원,129.09273755422,35.1755692031473,공원,부산
망미동 주민쉼터,129.103641323709,35.1790100840273,공원,부산
배산공원,129.101138628964,35.177296297617,공원,부산
물만골체육공원,129.083508578172,35.1719218873966,공원,부산
연이공원,129.083581675248,35.1740978215205,공원,부산
햇살공원,129.111878400871,35.1777708847676,공원,부산
광안3동 체육공원,129.106779570018,35.166645791319,공원,부산
물만골공원,129.082731043835,35.1806764710293,공원,부산
해오름공원,129.100015526385,35.1778817062828,공원,부산
과정공원,129.10852298658202,35.174705078825774,공원,부산
중앙약수터체육공원,129.085040489871,35.1517997216832,공원,부산
라온공원,129.107582847358,35.1578005200643,공원,부산
햇살공원,129.09917618815098,35.17268670039183,공원,부산
하늘빛어린이공원,129.083138527226,35.1738495183829,공원,부산
토현쌈지공원,129.107287495262,35.1802010769612,공원,부산
배산편백쉼터,129.09345132335451,35.18054744947528,공원,부산
수련둘공원,129.083959397851,35.1802948719173,공원,부산
수련하나공원,129.084384769729,35.1792440123225,공원,부산
냉수욕터 체육공원,129.085615991399,35.1528531789742,공원,부산
숲향기공원,129.066254438424,35.2102148223846,공원,부산
쇠미소공원,129.053222583341,35.2028191291217,공원,부산
반려동물 산책놀이공원,129.0792600510778,35.199526999788965,공원,부산
꿈나무공원,129.076295931745,35.1846944128343,공원,부산
어울림공원,129.07062027771394,35.191715201998626,공원,부산
하늘공원,129.070420687901,35.21196034624,공원,부산
화지산 제1체육공원,129.061374820316,35.1860181694717,공원,부산
동래온천헬스공원,129.07863675084508,35.20091646936258,공원,부산
산저공원,129.072220269571,35.2115249287999,공원,부산
사직한밭공원,129.05914350284567,35.199858273980006,공원,부산
사직놀이공원,129.063725188093,35.2008237832108,공원,부산
미남공원,129.06612051653,35.2057536907779,공원,부산
한길소공원,129.06589833864,35.1977642358712,공원,부산
솥밭공원,129.066966212207,35.2117409380551,공원,부산
화지산 제2체육공원,129.064652097072,35.1840068096666,공원,부산
한마음공원,129.07263745983053,35.19381281451558,공원,부산
신정소공원,129.066662192582,35.1967148675369,공원,부산
롯데백화점 동래점 하늘공원,129.077816957625,35.2118290822343,공원,부산
스위첸공원,129.057572815089,35.1989153388168,공원,부산
여고소공원,129.068808414565,35.1973630835324,공원,부산
꿈나무공원,129.069260461001,35.2098994259995,공원,부산
온새미로공원,129.062939239156,35.2077724739122,공원,부산
석사빛공원,129.062766631599,35.1963487596034,공원,부산
단비동산공원,129.063094435114,35.1977633956592,공원,부산
온천천시민공원,129.09191478111416,35.193181127875846,공원,부산
연제문화체육공원,129.091057894593,35.1848909153698,공원,부산
동래온천천 철봉테마공원,129.089565589137,35.1938254739228,공원,부산
연봉공원,129.084386679559,35.1860224613883,공원,부산
수민어울공원,129.09147740923117,35.196459864507695,공원,부산
한들공원,129.095772135562,35.1903100248338,공원,부산
옛골공원,129.09017907566,35.1872635068542,공원,부산
한빛공원,129.09116053127,35.1890668847438,공원,부산
쌍미공원,129.087631430279,35.1880824584641,공원,부산
거제체육공원,129.082259828734,35.1952436191768,공원,부산
연안수민공원,129.093291099621,35.195266028739,공원,부산
연산마루소공원,129.090307871911,35.1820931717054,공원,부산
과정공원,129.10188517276,35.1874465187969,공원,부산
거울바위문화생활쉼터,129.103805160084,35.1857910978655,공원,부산
연천공원,129.099813074385,35.1896776804112,공원,부산
연잎공원,129.108340443975,35.1859501018251,공원,부산
수영환경공원,129.112187299997,35.1883485869169,공원,부산
낙민공원,129.097252070571,35.1956119952673,공원,부산
수영환경공원 배드민턴장,129.112129950928,35.1888470212361,공원,부산
동래사적공원,129.090924585842,35.2112068254781,공원,부산
세병교 헬스공원,129.081906254358,35.1973908401035,공원,부산
그린라인파크,129.08887186202,35.1977718751123,공원,부산
동래사적공원 부산3.1독립운동기념탑,129.094199460788,35.2097768505968,공원,부산
명장공원,129.10773192925654,35.208406486865435,공원,부산
명장소공원,129.104254541489,35.2095934306121,공원,부산
화현공원,129.106937534284,35.2008218476635,공원,부산
명장한마음공원,129.10469441501837,35.20366524495743,공원,부산
명서공원,129.100223387311,35.2123894236738,공원,부산
안락꿈돌이공원,129.106127557445,35.199556314619,공원,부산
세실공원,129.100477819728,35.2091814287911,공원,부산
명서공원,129.1002305730016,35.21228476588646,공원,부산
민락해변공원,129.12336403503,35.1553512734093,공원,부산
너울어린이공원,129.120509179959,35.1654175767436,공원,부산
파랑새어린이공원,129.112800578055,35.1518232755124,공원,부산
민락수변공원,129.13399667057104,35.154940897926885,공원,부산
올림픽공원,129.133563762903,35.1649152165656,공원,부산
민락공원,129.130717138941,35.1579327814871,공원,부산
널구지공원,129.129032693301,35.163232321995785,공원,부산
아이파크어린이공원,129.143501844938,35.1577323978398,공원,부산
올림픽공원 올림픽동산,129.131746892384,35.1645939656672,공원,부산
승당쌈지공원,129.140156710311,35.1630686725394,공원,부산
APEC나루공원,129.1256541055562,35.1702368252523,공원,부산
수영사적공원,129.114339255252,35.1709116405575,공원,부산
강변공원,129.1171244569025,35.17864889936561,공원,부산
팽나무소공원,129.118787032192,35.1706482553088,공원,부산
너울공원,129.120125127072,35.16626417280117,공원,부산
소리길,129.114465087327,35.1778032361613,공원,부산
APEC나루공원 수변전망테크,129.124230805183,35.171632449372,공원,부산
수영사적공원 수강사,129.114183351855,35.1704854154663,공원,부산
APEC나루공원 잔디광장,129.126522062155,35.169094249191,공원,부산
수영사적공원 야외놀이마당,129.114145999341,35.1710772220087,공원,부산
수영사적공원 수영산신당,129.114197527035,35.1715413156268,공원,부산
APEC나루공원 초화원,129.126900721081,35.1677899457886,공원,부산
수영사적공원 독신묘,129.114183336904,35.1715019128062,공원,부산
수영사적공원 수영동곰솔,129.114824821327,35.1701678223994,공원,부산
수영사적공원 수영동푸조나무,129.114415717554,35.1708129811678,공원,부산
수영성남문,129.115102841317,35.1703936605896,공원,부산
송림공원,129.154900965974,35.1575877683484,공원,부산
동백공원,129.152378047079,35.1542875882683,공원,부산
해운대역사시민공원,129.158503804496,35.1637504987175,공원,부산
제니스소공원1,129.144199558932,35.1573920291768,공원,부산
운촌 어린이공원,129.152078260577,35.1585679441812,공원,부산
제니스소공원2,129.145937510759,35.1558833663096,공원,부산
동백공원출렁다리,129.153887897486,35.1547059098732,공원,부산
동백공원 해안산책로,129.153285352622,35.1544084334923,공원,부산
동백공원 최치원유적,129.152330346543,35.153643216565,공원,부산
동백공원 최치원선생비,129.151928749949,35.1537260493024,공원,부산
고운 최치원선생 동상,129.152021179311,35.153569410027,공원,부산
달맞이근린공원,129.173385406736,35.1589804181239,공원,부산
921호소공원,129.16769623139,35.160231344755,공원,부산
바다내음공원,129.172011103251,35.1612723431162,공원,부산
솔밭소공원,129.16209319413,35.1643280755624,공원,부산
해운대구청 열린정원,129.163864374345,35.1629212966427,공원,부산
922호소공원,129.169224328432,35.1613709577554,공원,부산
920호소공원,129.170256870088,35.1601719634388,공원,부산
대천산림문화공원,129.16791524161653,35.18108429165463,공원,부산
장산공원,129.166131104987,35.1763906565991,공원,부산
오산공원,129.17304500135836,35.16639389137042,공원,부산
웃음누리어린이공원,129.16757739999,35.1685284664948,공원,부산
소담어린이공원,129.166503181002,35.1784998726533,공원,부산
햇살공원,129.17477687409237,35.1752100417606,공원,부산
산들어린이공원,129.1726929922517,35.17955682247335,공원,부산
해바람어린이공원,129.1642015127,35.1711697181033,공원,부산
푸른어린이공원,129.16856023421,35.1718991515204,공원,부산
초록공원,129.136318736083,35.2032553713061,공원,부산
수영강시민공원,129.117125955593,35.201674977352,공원,부산
수영강 헬스공원,129.114127240396,35.1918760581577,공원,부산
소공원,129.131550499286,35.1838026475291,공원,부산
해운대행복체육공원,129.12056597663525,35.18534727399631,공원,부산
아시아 선수촌근린공원,129.123432380457,35.2023575102179,공원,부산
한빛어린이공원,129.12460810396811,35.188403378333014,공원,부산
푸른숲어린이공원,129.126407780811,35.1914987528155,공원,부산
반여 휴 여가녹지,129.137901072495,35.2030562148449,공원,부산
별바라기어린이공원,129.1185955005972,35.198232120742595,공원,부산
희망어린이공원,129.132981841967,35.1974063341114,공원,부산
바람공원,129.12199576096748,35.204444523505146,공원,부산
반여산림생태공원,129.136783305078,35.1976889288258,공원,부산
반여제3근린공원,129.12203153129,35.1931615638634,공원,부산
재송소공원,129.13263523103,35.1876764873826,공원,부산
별천지어린이공원,129.13273860181963,35.19163068768555,공원,부산
강변공원,129.113504704884,35.1839478164342,공원,부산
으뜸어린이공원,129.13443000764735,35.199215532036064,공원,부산
반여공원,129.123577537299,35.1994154311461,공원,부산
새싹어린이공원,129.12436822655226,35.19660079950284,공원,부산
한마음공원,129.12063347123117,35.20061150143356,공원,부산
월륜공원,129.11350820443442,35.18408292759174,공원,부산
노을공원,129.12351598592193,35.20211093224459,공원,부산
가온공원,129.125702928276,35.2112894344735,공원,부산
꿈에어린이공원,129.13224183877657,35.20118254391241,공원,부산
장산체육공원,129.160120260076,35.1905414017493,공원,부산
금강공원,129.074864304073,35.2198927806866,공원,부산
수림뜨락,129.08112206034957,35.23981966202935,공원,부산
온천어린이공원,129.07225952186,35.2143646897611,공원,부산
금정산 여울마당,129.078044412224,35.2384884009178,공원,부산
부산대학교 예원정,129.080649063339,35.2358807703001,공원,부산
금강공원 금강케이블카,129.07441397201,35.2196301558376,공원,부산
금강공원 차나무단지,129.073742975688,35.2217431412353,공원,부산
임진동래의총,129.07336660736482,35.222143393602884,공원,부산
까치공원,129.086289219542,35.2380725567584,공원,부산
부곡교 헬스공원,129.088710485982,35.2414299020097,공원,부산
평화공원,129.106811217863,35.2188758096759,공원,부산
가마실공원,129.091705579619,35.228032181394,공원,부산
기찰공원,129.094373651081,35.2416744294757,공원,부산
서명상상어린이공원,129.10648213341,35.2163403085833,공원,부산
공수물공원,129.092095198234,35.2316570662581,공원,부산
희망숲속 방재공원,129.092634568462,35.2171663031974,공원,부산
구월공원,129.098142704231,35.2233969786706,공원,부산
윤산여명헬스공원,129.106581827739,35.2291168052136,공원,부산
너울소공원,129.08868691865,35.240511140201,공원,부산
윤빛공원,129.096163702418,35.2194662305416,공원,부산
금샘뜨락,129.093598741149,35.2391763511984,공원,부산
윤산가족숲체험터,129.103014534623,35.2215371500063,공원,부산
주민쉼터,129.110246490403,35.2200775549783,공원,부산
금정산성광장,129.05677078039474,35.24587911145699,공원,부산
참샘골약수터 체육공원,129.076866986049,35.2464999985116,공원,부산
샘골공원,129.087556941849,35.260611754398,공원,부산
여울생태숲,129.111364710764,35.2654142883377,공원,부산
금정공원,129.087854557825,35.2450609743507,공원,부산
두실새싹공원,129.08569972027337,35.2579367583271,공원,부산
형제공원,129.087750411114,35.2666100279446,공원,부산
푸른솔밭공원,129.08637259289,35.2687532925083,공원,부산
꽃님어린이공원,129.08694708259847,35.2718297929461,공원,부산
우성공원,129.08625624720742,35.25556075567971,공원,부산
구서공원,129.087443573739,35.251223789169,공원,부산
달님공원,129.085615081382,35.2666360563879,공원,부산
남산어린이공원,129.086994334062,35.2666050544646,공원,부산
반남도란공원,129.08781116364003,35.269490832879804,공원,부산
금정산공원,129.083185745433,35.2448774262293,공원,부산
기장철마체육공원,129.156011575722,35.273154900658,공원,부산
철마도시농업공원,129.14927496319,35.2708814175085,공원,부산
반송공원,129.16162214668637,35.221441578576766,공원,부산
꽃다래공원,129.156397318734,35.2189557527581,공원,부산
상록수공원,129.122031643227,35.2290180492906,공원,부산
금천어린이공원,129.11454758492653,35.22393569570409,공원,부산
반송3동 동네체육공원,129.15662967538,35.2188560915555,공원,부산
화랑어린이공원,129.116690521016,35.2149276162703,공원,부산
어울림어린이공원,129.130977597805,35.2208587034305,공원,부산
거님길공원,129.169126327147,35.238003455084,공원,부산
수피아공원,129.141211657738,35.2371328090351,공원,부산
명장근린공원,129.116633932825,35.213171375496,공원,부산
회동첨단공원,129.127998590129,35.233438775506,공원,부산
은빛공원,129.113365110814,35.2244783833813,공원,부산
꿈누리공원,129.128377828445,35.2133979524206,공원,부산
동대공원,129.126095934263,35.2307309582859,공원,부산
담안골근린공원,129.163352461206,35.2277149842466,공원,부산
소공원,129.118389793687,35.2207372894531,공원,부산
늘봄어린이공원,129.126288664061,35.2212836197666,공원,부산
꽃망울어린이공원,129.1591673112758,35.22792851532868,공원,부산
운봉어린이공원,129.16187088062733,35.230484514043866,공원,부산
소나무공원,129.17165695486494,35.23993963965033,공원,부산
꽃다래공원 약수터,129.156896540117,35.2195208786602,공원,부산
수변공원 배드민턴장1,129.118921638809,35.2166962647517,공원,부산
오랑대공원,129.227814368768,35.2059095736345,공원,부산
해운대달맞이공원,129.17893035431,35.1560728255183,공원,부산
죽도공원,129.205382289118,35.1801047856529,공원,부산
송정공원,129.20607229351813,35.18013186384686,공원,부산
구덕포공원,129.197860226142,35.1733641364219,공원,부산
송정어울림체육공원,129.19864728523723,35.183107304005524,공원,부산
워터프론트파크,129.213484885586,35.1869965266044,공원,부산
부흥공원,129.181924346537,35.1689123933043,공원,부산
다소미공원,129.176274329955,35.1575299670296,공원,부산
오시리아 수변공원,129.209227138706,35.1974156512968,공원,부산
오시리아 천변공원,129.207975727801,35.1936068900378,공원,부산
직녀어린이공원,129.180549558458,35.1711827922466,공원,부산
견우공원,129.180151161992,35.1717162302575,공원,부산
솔바람언덕공원,129.20488976733455,35.208744417512015,공원,부산
거미줄공원,129.17910661125,35.1656397419532,공원,부산
솔바람공원,129.198386046017,35.1803365628183,공원,부산
굿거리언덕공원,129.20763481865748,35.19889732216201,공원,부산
미리내어린이공원,129.17910559518208,35.17801777559185,공원,부산
꿈나무어린이공원,129.17748227675165,35.16645475511006,공원,부산
누림어린이공원,129.184174836585,35.1731251795173,공원,부산
송정솔그늘숲길,129.204155580196,35.187026178929,공원,부산
미소공원,129.177490425672,35.161492941921,공원,부산
자유어린이공원,129.18497333843771,35.16773639815335,공원,부산
와우어린이공원,129.181139418327,35.164835373175,공원,부산
양경공원,129.208853676953,35.184273202628,공원,부산
당사공원,129.210050548939,35.1883424823725,공원,부산
뜰마루마당공원,129.20686371488452,35.2052499137873,공원,부산
물결마당공원,129.204819284313,35.205732332675,공원,부산
부산국가지질공원 송정 슈도타킬라이트,129.211614811593,35.1816635848933,공원,부산
토암공원,129.22497926422918,35.228702435180615,공원,부산
아름공원,129.214180944899,35.2414044943741,공원,부산
기장생활체육공원,129.207848043853,35.2440938451611,공원,부산
민들레 공원,129.212007178281,35.2357825145691,공원,부산
토암도자기공원,129.225060090048,35.22896768036688,공원,부산
덕발어린이공원,129.222328928852,35.2352914764376,공원,부산
백두공원,129.210828608545,35.2407557226163,공원,부산
개나리공원,129.217557156321,35.2375237035697,공원,부산
해바라기공원,129.215488083735,35.2363198676142,공원,부산
은하수공원,129.209895784909,35.2389236645333,공원,부산
봉대공원,129.208600667575,35.2418741603008,공원,부산
진달래어린이공원,129.222499380017,35.2396858089829,공원,부산
현대공원,129.220342327461,35.2433965793685,공원,부산
기장군청 기장생활체육공원,129.207842870693,35.2440651036815,공원,부산
용소웰빙공원,129.204144763819,35.246226751022,공원,부산
용소 웰빙공원길,129.204424558015,35.246661400124,공원,부산
용소웰빙공원 이벤트광장,129.203240262086,35.246737043858,공원,부산
용소웰빙공원 출렁다리,129.204528206567,35.2461080244621,공원,부산
용소웰빙공원 전망데크,129.204579350734,35.2454006125513,공원,부산
일광이천생태공원,129.23498224926,35.2714039569372,공원,부산
새마을어린이공원,129.21825009980105,35.24554268208508,공원,부산
횡계공원,129.222035964473,35.2700259371301,공원,부산
아라공원,129.22031554903,35.2609382378012,공원,부산
동부근린공원,129.216111849061,35.2498757090208,공원,부산
강송정공원,129.235406504216,35.2655713204058,공원,부산
비둘기공원,129.21502318472918,35.24749236331814,공원,부산
우정공원,129.216489466009,35.25341559467,공원,부산
후동앞뜰공원,129.22334519873706,35.259233537100286,공원,부산
통일공원,129.215493161587,35.2458716529285,공원,부산
삼성저류지 장미학습원,129.231500460591,35.2658074605952,공원,부산
삼성숲공원,129.22236804399,35.2633993360387,공원,부산
남산공원,129.210256973133,35.2506100147841,공원,부산
햇님공원,129.23612815017,35.2680017978565,공원,부산
별님공원,129.234963668391,35.2646495559229,공원,부산
충효공원,129.219055640904,35.2537361985328,공원,부산
소망공원,129.216034117929,35.2517009984841,공원,부산
무궁화공원,129.218486000211,35.2470243017245,공원,부산
후동숲공원,129.225465766371,35.2623340243411,공원,부산
교리근린공원,129.21435140615,35.2549398001002,공원,부산
청강소공원,129.22056363501278,35.244704546674406,공원,부산
떡곡숲공원,129.219638045845,35.2636900695902,공원,부산
동해공원,129.21880112772416,35.249195625417926,공원,부산
수령공원,129.209982513464,35.2471367035882,공원,부산
용소웰빙공원 전망대,129.206505806359,35.2451492189742,공원,부산
용소웰빙공원 진입광장,129.206735735418,35.2453648984599,공원,부산
월전꽃동산,129.245576562122,35.2378737264182,공원,부산
스포원파크 금정체육공원,129.10523429974828,35.29209165201803,공원,부산
삽량체육공원,129.05969338056082,35.32528339343522,공원,경남
동면상동체육공원,129.089702237078,35.3064715772946,공원,경남
놀이마당공원,129.087186433279,35.2758042035934,공원,부산
노포마을공원,129.100622696524,35.2905700928225,공원,부산
조리1공원,129.11158147601122,35.303590725338076,공원,부산
호국의쉼터,129.093239052049,35.2774243681653,공원,부산
스포원파크 수변공원,129.105222116078,35.2919607488738,공원,부산
스포원파크 가족공원,129.103672329059,35.2927230517089,공원,부산
내송솔숲공원,129.063095764982,35.3217920171012,공원,경남
내송산들공원,129.069079280679,35.3173462390597,공원,경남
솔마루근린공원,129.1648090620656,35.336314218317696,공원,부산
곰내재숲속쉼터,129.172132671851,35.30519510346,공원,부산
구목정공원,129.174147322551,35.3242770376599,공원,부산
연꽃공원,129.169440633596,35.295770849556,공원,부산
죽향공원,129.16969235397056,35.33317274485666,공원,부산
물너울 근린공원,129.172909160239,35.3202478756652,공원,부산
녹녹원,129.171431973273,35.2895894403026,공원,부산
나무누리근린공원,129.1659610454988,35.32710846833644,공원,부산
얼레어린이공원,129.17114532954108,35.32253958193718,공원,부산
해밀어린이공원,129.16864397467285,35.32562667192474,공원,부산
구목정공원 족구장,129.173854100472,35.3241669692519,공원,부산
솔마루근린공원 배드민턴장,129.164658417641,35.3365620213605,공원,부산
솔마루근린공원 엑스게임장,129.165322734906,35.3355769107298,공원,부산
범실근린공원,129.067632590811,35.36671724374,공원,경남
당산공원,129.065026865293,35.3900020247388,공원,경남
평산음악공원,129.150844966612,35.38079408649,공원,경남
물빛공원,129.167004956772,35.3410832232557,공원,부산
평산근린공원,129.14128131694898,35.38621033420195,공원,경남
솔빛공원,129.162369034417,35.3416024192099,공원,부산
외산어린이공원,129.159338964426,35.373022690636,공원,경남
남낙어린이공원,129.168609057216,35.3979219246843,공원,경남
덕산공원,129.15940104626156,35.37820028692068,공원,경남
아리골공원,129.14941805351336,35.38349580438088,공원,경남
솔밭어린이공원,129.165296624899,35.396034972059,공원,경남
평산어린이공원,129.153003245967,35.38321747625907,공원,경남
서리어린이공원,129.141489016679,35.3814974130381,공원,경남
덕계어린이공원,129.146319292805,35.3716102150232,공원,경남
평산초록어린이공원,129.1460066011798,35.379576241563925,공원,경남
바람개비어린이공원,129.1587395504674,35.33973261602163,공원,부산
내연어린이공원,129.142825076948,35.3714830212774,공원,경남
신명어린이공원,129.15479688884062,35.38599245786414,공원,경남
덕계어린이공원,129.14641938536,35.3716093374708,공원,경남
내연어린이공원,129.142884867311,35.3714558280503,공원,경남
외산어린이공원,129.159313292533,35.3730501830478,공원,경남
서리어린이공원,129.141483013209,35.3815200473829,공원,경남
남낙어린이공원,129.168599470897,35.3979338112425,공원,경남
한갓들어린이공원,129.158295655854,35.3744146379364,공원,경남
한갓들어린이공원,129.158292332804,35.3744137962031,공원,경남
평산3어린이공원,129.150844966612,35.38079408649,공원,경남
들목공원,129.17258751881326,35.36235652333065,공원,경남
가옷어린이공원,129.170675221245,35.3598758918143,공원,경남
웅상체육공원 족구장,129.142851175271,35.3789176828427,공원,경남
윗골공원,129.17819319666,35.3234436408263,공원,부산
중앙공원,129.180999499914,35.322801896086,공원,부산
소두방공원,129.184560563978,35.3289624884166,공원,부산
돌고래분수광장,129.176959245288,35.3223665106871,공원,부산
소두방공원,129.184576797575,35.3240096615077,공원,부산
강변공원,129.195188010433,35.3202201334768,공원,부산
애솔어린이공원,129.18260996175846,35.318782675498916,공원,부산
나래울어린이공원,129.1847370530822,35.32097630988897,공원,부산
옛터어린이공원,129.19000150832062,35.326484163627754,공원,부산
뵤뵤어린이공원,129.18293705780144,35.32003022206896,공원,부산
한밭공원,129.1863718739884,35.31742067688633,공원,부산
달산공원,129.193109673339,35.3168696720397,공원,부산
어울어린이공원,129.1799552996256,35.327481313330765,공원,부산
달산리제1호어린이공원,129.18186777364136,35.31526189266062,공원,부산
꽃보라어린이공원,129.18740630912424,35.323088002956574,공원,부산
해오름공원,129.181559441948,35.3272721423524,공원,부산
달산제2호어린이공원,129.204029678071,35.3201313031736,공원,부산
달산제2호어린이공원 배드민턴장,129.203980157656,35.3202511531543,공원,부산
신평소공원,129.260564792035,35.2937912932843,공원,부산
월드컵빌리지,129.2413212895711,35.301419735360646,공원,부산
임랑문화공원,129.26119878574872,35.31688461975412,공원,부산
장안천가족휴게공원,129.277920685876,35.3332616254213,공원,부산
구기공원,129.260688446979,35.3345620459994,공원,부산
군민체육공원,129.241877525068,35.3051652359307,공원,부산
효암공원,129.2592818142,35.3150020238058,공원,부산
월내어린이공원,129.2801133358646,35.328957185650836,공원,부산
길천근린공원,129.284206454683,35.3278048767015,공원,부산
반룡공원,129.248821223056,35.3326622962062,공원,부산
명례공원,129.253416513353,35.3663048268133,공원,부산
장안신기솔밭쌈지공원,129.252115211477,35.3508662520528,공원,부산
하장안마을 연꽃단지,129.248462737403,35.3644760028137,공원,부산
고리동산,129.280371134263,35.3389914254022,공원,부산
